Strategy,Model,First step,NIF,N_conv,use cbam,use augmentation,probability of augmentation,dataset portion,batch size,Operation,Input ID,Number of FEM iterations for the full-FEM strategy,Number of FEM iterations for the hybrid strategy,Ratio of FEM iterations (Hybrid / full-FEM),Relative compliance error
Only UNet,U-Net,UNet,32,2,False,False,0.2,1,16,original,0,33,20,0.6060606060606061,0.07360898153377265
Only UNet,U-Net,UNet,32,2,False,False,0.2,1,16,original,1,34,33,0.9705882352941176,0.027936669084368995
Only UNet,U-Net,UNet,32,2,False,False,0.2,1,16,original,2,29,9,0.3103448275862069,0.19100001943919923
Only UNet,U-Net,UNet,32,2,False,False,0.2,1,16,original,3,28,13,0.4642857142857143,-0.0192448594193225
Only UNet,U-Net,UNet,32,2,False,False,0.2,1,16,original,4,36,23,0.6388888888888888,0.010623458187535769
Only UNet,U-Net,UNet,32,2,False,False,0.2,1,16,original,5,42,24,0.5714285714285714,-0.01484329847687456
Only UNet,U-Net,UNet,32,2,False,False,0.2,1,16,original,6,28,50,1.7857142857142858,0.04857049267964162
Only UNet,U-Net,UNet,32,2,False,False,0.2,1,16,original,7,38,8,0.21052631578947367,0.028986707685658062
Only UNet,U-Net,UNet,32,2,False,False,0.2,1,16,original,8,33,35,1.0606060606060606,0.014276774661262209
Only UNet,U-Net,UNet,32,2,False,False,0.2,1,16,original,9,28,17,0.6071428571428571,-0.004150440945165747
Only UNet,U-Net,UNet,32,2,False,False,0.2,1,16,original,10,31,24,0.7741935483870968,-0.012742376677652587
Only UNet,U-Net,UNet,32,2,False,False,0.2,1,16,original,11,29,25,0.8620689655172413,0.04246087185772198
Only UNet,U-Net,UNet,32,2,False,False,0.2,1,16,original,12,29,16,0.5517241379310345,0.02792255301750573
Only UNet,U-Net,UNet,32,2,False,False,0.2,1,16,original,13,28,42,1.5,-0.04809428533371901
Only UNet,U-Net,UNet,32,2,False,False,0.2,1,16,original,14,29,16,0.5517241379310345,0.007880434413839657
Only UNet,U-Net,UNet,32,2,False,False,0.2,1,16,original,15,42,15,0.35714285714285715,0.010884512393832889
Only UNet,U-Net,UNet,32,2,False,False,0.2,1,16,original,16,58,34,0.5862068965517241,0.025919617741273538
Only UNet,U-Net,UNet,32,2,False,False,0.2,1,16,original,17,35,32,0.9142857142857143,0.012451315687123427
Only UNet,U-Net,UNet,32,2,False,False,0.2,1,16,original,18,17,11,0.6470588235294118,0.01081644514851869
Only UNet,U-Net,UNet,32,2,False,False,0.2,1,16,original,19,17,10,0.5882352941176471,0.0032289531740627747
Only UNet,U-Net,UNet,32,2,False,False,0.2,1,16,original,20,27,29,1.0740740740740742,0.018405520237933844
Only UNet,U-Net,UNet,32,2,False,False,0.2,1,16,original,21,40,18,0.45,0.007144680745242857
Only UNet,U-Net,UNet,32,2,False,False,0.2,1,16,original,22,45,25,0.5555555555555556,-0.009851190775639155
Only UNet,U-Net,UNet,32,2,False,False,0.2,1,16,original,23,23,23,1.0,0.034153628568903034
Only UNet,U-Net,UNet,32,2,False,False,0.2,1,16,original,24,20,9,0.45,-0.0016658040247509883
Only UNet,U-Net,UNet,32,2,False,False,0.2,1,16,original,25,18,10,0.5555555555555556,-0.011713305965085947
Only UNet,U-Net,UNet,32,2,False,False,0.2,1,16,original,26,34,7,0.20588235294117646,0.024936996890921933
Only UNet,U-Net,UNet,32,2,False,False,0.2,1,16,original,27,35,48,1.3714285714285714,0.10161477253151525
Only UNet,U-Net,UNet,32,2,False,False,0.2,1,16,original,28,33,36,1.0909090909090908,0.07402388173267005
Only UNet,U-Net,UNet,32,2,False,False,0.2,1,16,original,29,40,27,0.675,-0.0632974438763572
Only UNet,U-Net,UNet,32,2,False,False,0.2,1,16,original,30,19,11,0.5789473684210527,0.018708115275288886
Only UNet,U-Net,UNet,32,2,False,False,0.2,1,16,original,31,37,22,0.5945945945945946,0.06516709537337581
Only UNet,U-Net,UNet,32,2,False,False,0.2,1,16,original,32,37,25,0.6756756756756757,-0.021955517564184533
Only UNet,U-Net,UNet,32,2,False,False,0.2,1,16,original,33,31,37,1.1935483870967742,0.030030522201937932
Only UNet,U-Net,UNet,32,2,False,False,0.2,1,16,original,34,25,18,0.72,0.07446080028534424
Only UNet,U-Net,UNet,32,2,False,False,0.2,1,16,original,35,25,18,0.72,-0.020354468212678965
Only UNet,U-Net,UNet,32,2,False,False,0.2,1,16,original,36,26,15,0.5769230769230769,-0.014548810418055657
Only UNet,U-Net,UNet,32,2,False,False,0.2,1,16,original,37,27,24,0.8888888888888888,0.06357124037537672
Only UNet,U-Net,UNet,32,2,False,False,0.2,1,16,original,38,44,29,0.6590909090909091,-0.009625826822751357
Only UNet,U-Net,UNet,32,2,False,False,0.2,1,16,original,39,19,8,0.42105263157894735,1.4786822151496573e-05
Only UNet,U-Net,UNet,32,2,False,False,0.2,1,16,original,40,41,23,0.5609756097560976,0.05975616407754433
Only UNet,U-Net,UNet,32,2,False,False,0.2,1,16,original,41,32,34,1.0625,0.040532235027764124
Only UNet,U-Net,UNet,32,2,False,False,0.2,1,16,original,42,32,18,0.5625,-0.01636952970265257
Only UNet,U-Net,UNet,32,2,False,False,0.2,1,16,original,43,28,15,0.5357142857142857,-0.03987603427731256
Only UNet,U-Net,UNet,32,2,False,False,0.2,1,16,original,44,41,27,0.6585365853658537,-0.007922916063185449
Only UNet,U-Net,UNet,32,2,False,False,0.2,1,16,original,45,30,13,0.43333333333333335,-0.009375747638037115
Only UNet,U-Net,UNet,32,2,False,False,0.2,1,16,original,46,21,15,0.7142857142857143,-0.023361454275770736
Only UNet,U-Net,UNet,32,2,False,False,0.2,1,16,original,47,28,14,0.5,0.0003546593789988005
Only UNet,U-Net,UNet,32,2,False,False,0.2,1,16,original,48,17,15,0.8823529411764706,0.023223465351129874
Only UNet,U-Net,UNet,32,2,False,False,0.2,1,16,original,49,20,29,1.45,-0.004534255144652307
Only UNet,U-Net,UNet,32,2,False,False,0.2,1,16,original,50,34,21,0.6176470588235294,0.01256848998610886
Only UNet,U-Net,UNet,32,2,False,False,0.2,1,16,original,51,41,25,0.6097560975609756,0.0909543867905395
Only UNet,U-Net,UNet,32,2,False,False,0.2,1,16,original,52,46,67,1.4565217391304348,0.1744714298029551
Only UNet,U-Net,UNet,32,2,False,False,0.2,1,16,original,53,18,11,0.6111111111111112,0.0473277207187855
Only UNet,U-Net,UNet,32,2,False,False,0.2,1,16,original,54,30,33,1.1,-0.039753644402337245
Only UNet,U-Net,UNet,32,2,False,False,0.2,1,16,original,55,40,34,0.85,0.13877911815502342
Only UNet,U-Net,UNet,32,2,False,False,0.2,1,16,original,56,29,26,0.896551724137931,-0.01221775843619381
Only UNet,U-Net,UNet,32,2,False,False,0.2,1,16,original,57,38,38,1.0,0.009604153896583962
Only UNet,U-Net,UNet,32,2,False,False,0.2,1,16,original,58,29,37,1.2758620689655173,-0.010563849636832165
Only UNet,U-Net,UNet,32,2,False,False,0.2,1,16,original,59,25,13,0.52,-0.006924871918855915
Only UNet,U-Net,UNet,32,2,False,False,0.2,1,16,original,60,35,25,0.7142857142857143,-0.014066895982682716
Only UNet,U-Net,UNet,32,2,False,False,0.2,1,16,original,61,18,33,1.8333333333333333,0.017455497705528174
Only UNet,U-Net,UNet,32,2,False,False,0.2,1,16,original,62,24,28,1.1666666666666667,0.026553974960182452
Only UNet,U-Net,UNet,32,2,False,False,0.2,1,16,original,63,15,6,0.4,-0.00283088775687594
Only UNet,U-Net,UNet,32,2,False,False,0.2,1,16,original,64,22,16,0.7272727272727273,-0.010666657080565923
Only UNet,U-Net,UNet,32,2,False,False,0.2,1,16,original,65,20,14,0.7,0.007673099088584975
Only UNet,U-Net,UNet,32,2,False,False,0.2,1,16,original,66,31,15,0.4838709677419355,0.01283962069748681
Only UNet,U-Net,UNet,32,2,False,False,0.2,1,16,original,67,46,15,0.32608695652173914,0.03537076903496121
Only UNet,U-Net,UNet,32,2,False,False,0.2,1,16,original,68,29,27,0.9310344827586207,-0.0014831154653446403
Only UNet,U-Net,UNet,32,2,False,False,0.2,1,16,original,69,50,25,0.5,0.0021176332197732806
Only UNet,U-Net,UNet,32,2,False,False,0.2,1,16,original,70,31,25,0.8064516129032258,0.04695147124793395
Only UNet,U-Net,UNet,32,2,False,False,0.2,1,16,original,71,41,14,0.34146341463414637,-0.023748858822112407
Only UNet,U-Net,UNet,32,2,False,False,0.2,1,16,original,72,38,27,0.7105263157894737,-0.0449367421205394
Only UNet,U-Net,UNet,32,2,False,False,0.2,1,16,original,73,44,36,0.8181818181818182,0.0029545028972810887
Only UNet,U-Net,UNet,32,2,False,False,0.2,1,16,original,74,37,23,0.6216216216216216,0.009703838671041725
Only UNet,U-Net,UNet,32,2,False,False,0.2,1,16,original,75,29,22,0.7586206896551724,0.010877019780991577
Only UNet,U-Net,UNet,32,2,False,False,0.2,1,16,original,76,28,14,0.5,0.02641396601975487
Only UNet,U-Net,UNet,32,2,False,False,0.2,1,16,original,77,18,8,0.4444444444444444,-0.015480915867277198
Only UNet,U-Net,UNet,32,2,False,False,0.2,1,16,original,78,37,18,0.4864864864864865,-0.016174395906472315
Only UNet,U-Net,UNet,32,2,False,False,0.2,1,16,original,79,24,12,0.5,0.01951018888975935
Only UNet,U-Net,UNet,32,2,False,False,0.2,1,16,original,80,38,39,1.0263157894736843,0.027506236278320224
Only UNet,U-Net,UNet,32,2,False,False,0.2,1,16,original,81,25,17,0.68,0.09282731883279757
Only UNet,U-Net,UNet,32,2,False,False,0.2,1,16,original,82,29,17,0.5862068965517241,-0.04268544229878093
Only UNet,U-Net,UNet,32,2,False,False,0.2,1,16,original,83,34,14,0.4117647058823529,0.03122986731638723
Only UNet,U-Net,UNet,32,2,False,False,0.2,1,16,original,84,21,8,0.38095238095238093,-0.004101920092206135
Only UNet,U-Net,UNet,32,2,False,False,0.2,1,16,original,85,22,9,0.4090909090909091,0.018887265456945294
Only UNet,U-Net,UNet,32,2,False,False,0.2,1,16,original,86,41,19,0.4634146341463415,0.028940961774777344
Only UNet,U-Net,UNet,32,2,False,False,0.2,1,16,original,87,28,46,1.6428571428571428,0.03374072000519299
Only UNet,U-Net,UNet,32,2,False,False,0.2,1,16,original,88,35,24,0.6857142857142857,-0.03818035213238091
Only UNet,U-Net,UNet,32,2,False,False,0.2,1,16,original,89,32,23,0.71875,-0.027895954167366236
Only UNet,U-Net,UNet,32,2,False,False,0.2,1,16,original,90,29,27,0.9310344827586207,0.028861731042356457
Only UNet,U-Net,UNet,32,2,False,False,0.2,1,16,original,91,19,9,0.47368421052631576,0.03480611009954534
Only UNet,U-Net,UNet,32,2,False,False,0.2,1,16,original,92,45,12,0.26666666666666666,0.00718599171108488
Only UNet,U-Net,UNet,32,2,False,False,0.2,1,16,original,93,25,12,0.48,0.0071281076731498205
Only UNet,U-Net,UNet,32,2,False,False,0.2,1,16,original,94,32,13,0.40625,0.09368724503006122
Only UNet,U-Net,UNet,32,2,False,False,0.2,1,16,original,95,41,17,0.4146341463414634,0.024425946555206492
Only UNet,U-Net,UNet,32,2,False,False,0.2,1,16,original,96,16,41,2.5625,0.00590376549208454
Only UNet,U-Net,UNet,32,2,False,False,0.2,1,16,original,97,26,52,2.0,0.04451504378466327
Only UNet,U-Net,UNet,32,2,False,False,0.2,1,16,original,98,25,13,0.52,0.008864785839704122
Only UNet,U-Net,UNet,32,2,False,False,0.2,1,16,original,99,61,38,0.6229508196721312,0.026542554963940167
Only UNet,U-Net,UNet,32,2,False,False,0.2,1,16,rotation_90,0,33,26,0.7878787878787878,-0.3060440176402821
Only UNet,U-Net,UNet,32,2,False,False,0.2,1,16,rotation_90,1,34,31,0.9117647058823529,0.21198654767366512
Only UNet,U-Net,UNet,32,2,False,False,0.2,1,16,rotation_90,2,29,20,0.6896551724137931,1.0143699252797402
Only UNet,U-Net,UNet,32,2,False,False,0.2,1,16,rotation_90,3,28,12,0.42857142857142855,-0.049070673038794706
Only UNet,U-Net,UNet,32,2,False,False,0.2,1,16,rotation_90,4,36,33,0.9166666666666666,-0.46540911735806423
Only UNet,U-Net,UNet,32,2,False,False,0.2,1,16,rotation_90,5,42,16,0.38095238095238093,0.5583643149760437
Only UNet,U-Net,UNet,32,2,False,False,0.2,1,16,rotation_90,6,28,19,0.6785714285714286,2.2959906919946436
Only UNet,U-Net,UNet,32,2,False,False,0.2,1,16,rotation_90,7,38,51,1.3421052631578947,0.5614302805119329
Only UNet,U-Net,UNet,32,2,False,False,0.2,1,16,rotation_90,8,33,23,0.696969696969697,0.562418448168845
Only UNet,U-Net,UNet,32,2,False,False,0.2,1,16,rotation_90,9,28,32,1.1428571428571428,0.28669098158968526
Only UNet,U-Net,UNet,32,2,False,False,0.2,1,16,rotation_90,10,31,83,2.6774193548387095,0.6697738560914639
Only UNet,U-Net,UNet,32,2,False,False,0.2,1,16,rotation_90,11,29,13,0.4482758620689655,-0.2034668638822667
Only UNet,U-Net,UNet,32,2,False,False,0.2,1,16,rotation_90,12,29,47,1.6206896551724137,0.816392478382343
Only UNet,U-Net,UNet,32,2,False,False,0.2,1,16,rotation_90,13,28,19,0.6785714285714286,-0.14684045251936167
Only UNet,U-Net,UNet,32,2,False,False,0.2,1,16,rotation_90,14,29,14,0.4827586206896552,0.37537222110442503
Only UNet,U-Net,UNet,32,2,False,False,0.2,1,16,rotation_90,15,42,20,0.47619047619047616,0.7555364782338977
Only UNet,U-Net,UNet,32,2,False,False,0.2,1,16,rotation_90,16,58,40,0.6896551724137931,0.1754377205750555
Only UNet,U-Net,UNet,32,2,False,False,0.2,1,16,rotation_90,17,35,32,0.9142857142857143,1.9151275974285469
Only UNet,U-Net,UNet,32,2,False,False,0.2,1,16,rotation_90,18,17,14,0.8235294117647058,-0.11208676039981164
Only UNet,U-Net,UNet,32,2,False,False,0.2,1,16,rotation_90,19,17,22,1.2941176470588236,1.0767691538115314
Only UNet,U-Net,UNet,32,2,False,False,0.2,1,16,rotation_90,20,27,72,2.6666666666666665,2.5862979551409233
Only UNet,U-Net,UNet,32,2,False,False,0.2,1,16,rotation_90,21,40,21,0.525,1.3057378376865492
Only UNet,U-Net,UNet,32,2,False,False,0.2,1,16,rotation_90,22,45,30,0.6666666666666666,-0.210484616562754
Only UNet,U-Net,UNet,32,2,False,False,0.2,1,16,rotation_90,23,23,19,0.8260869565217391,0.2094082029523557
Only UNet,U-Net,UNet,32,2,False,False,0.2,1,16,rotation_90,24,20,32,1.6,20.835362111954296
Only UNet,U-Net,UNet,32,2,False,False,0.2,1,16,rotation_90,25,18,22,1.2222222222222223,2.05466110776277
Only UNet,U-Net,UNet,32,2,False,False,0.2,1,16,rotation_90,26,34,19,0.5588235294117647,0.02880858506717842
Only UNet,U-Net,UNet,32,2,False,False,0.2,1,16,rotation_90,27,35,18,0.5142857142857142,1.2893822195251508
Only UNet,U-Net,UNet,32,2,False,False,0.2,1,16,rotation_90,28,33,13,0.3939393939393939,0.46898596884582555
Only UNet,U-Net,UNet,32,2,False,False,0.2,1,16,rotation_90,29,40,23,0.575,0.26508932245510514
Only UNet,U-Net,UNet,32,2,False,False,0.2,1,16,rotation_90,30,19,49,2.5789473684210527,-0.17231873471880554
Only UNet,U-Net,UNet,32,2,False,False,0.2,1,16,rotation_90,31,37,64,1.7297297297297298,2.4394933016589153
Only UNet,U-Net,UNet,32,2,False,False,0.2,1,16,rotation_90,32,37,37,1.0,-0.07128647681381549
Only UNet,U-Net,UNet,32,2,False,False,0.2,1,16,rotation_90,33,31,13,0.41935483870967744,-0.22701383242200168
Only UNet,U-Net,UNet,32,2,False,False,0.2,1,16,rotation_90,34,25,32,1.28,2.837194751044151
Only UNet,U-Net,UNet,32,2,False,False,0.2,1,16,rotation_90,35,25,40,1.6,0.5051043710324901
Only UNet,U-Net,UNet,32,2,False,False,0.2,1,16,rotation_90,36,26,27,1.0384615384615385,2.185014916735163
Only UNet,U-Net,UNet,32,2,False,False,0.2,1,16,rotation_90,37,27,18,0.6666666666666666,0.7646348690228423
Only UNet,U-Net,UNet,32,2,False,False,0.2,1,16,rotation_90,38,44,18,0.4090909090909091,-0.4259082326457946
Only UNet,U-Net,UNet,32,2,False,False,0.2,1,16,rotation_90,39,19,21,1.105263157894737,1.5424830282853772
Only UNet,U-Net,UNet,32,2,False,False,0.2,1,16,rotation_90,40,41,21,0.5121951219512195,1.12031122396429
Only UNet,U-Net,UNet,32,2,False,False,0.2,1,16,rotation_90,41,32,43,1.34375,1.0759728471126562
Only UNet,U-Net,UNet,32,2,False,False,0.2,1,16,rotation_90,42,32,31,0.96875,0.3347789538979473
Only UNet,U-Net,UNet,32,2,False,False,0.2,1,16,rotation_90,43,28,14,0.5,0.31683921836605006
Only UNet,U-Net,UNet,32,2,False,False,0.2,1,16,rotation_90,44,41,17,0.4146341463414634,-0.20155910474794478
Only UNet,U-Net,UNet,32,2,False,False,0.2,1,16,rotation_90,45,30,15,0.5,-0.32394220850636224
Only UNet,U-Net,UNet,32,2,False,False,0.2,1,16,rotation_90,46,21,28,1.3333333333333333,-0.35295414405860204
Only UNet,U-Net,UNet,32,2,False,False,0.2,1,16,rotation_90,47,28,21,0.75,0.20896148061475003
Only UNet,U-Net,UNet,32,2,False,False,0.2,1,16,rotation_90,48,17,10,0.5882352941176471,-0.26683444035259923
Only UNet,U-Net,UNet,32,2,False,False,0.2,1,16,rotation_90,49,20,27,1.35,2.508384652574288
Only UNet,U-Net,UNet,32,2,False,False,0.2,1,16,rotation_90,50,34,30,0.8823529411764706,-0.32302549890198895
Only UNet,U-Net,UNet,32,2,False,False,0.2,1,16,rotation_90,51,41,19,0.4634146341463415,0.1244382526415672
Only UNet,U-Net,UNet,32,2,False,False,0.2,1,16,rotation_90,52,46,32,0.6956521739130435,-0.14673126187937402
Only UNet,U-Net,UNet,32,2,False,False,0.2,1,16,rotation_90,53,18,27,1.5,0.06266190008290869
Only UNet,U-Net,UNet,32,2,False,False,0.2,1,16,rotation_90,54,30,17,0.5666666666666667,-0.4548245988099395
Only UNet,U-Net,UNet,32,2,False,False,0.2,1,16,rotation_90,55,40,31,0.775,0.9564435097123838
Only UNet,U-Net,UNet,32,2,False,False,0.2,1,16,rotation_90,56,29,19,0.6551724137931034,0.3771027875839037
Only UNet,U-Net,UNet,32,2,False,False,0.2,1,16,rotation_90,57,38,66,1.736842105263158,6.4919892100619
Only UNet,U-Net,UNet,32,2,False,False,0.2,1,16,rotation_90,58,29,14,0.4827586206896552,0.7781658175725221
Only UNet,U-Net,UNet,32,2,False,False,0.2,1,16,rotation_90,59,25,8,0.32,0.05930949540826982
Only UNet,U-Net,UNet,32,2,False,False,0.2,1,16,rotation_90,60,35,13,0.37142857142857144,-0.5596725613241074
Only UNet,U-Net,UNet,32,2,False,False,0.2,1,16,rotation_90,61,18,14,0.7777777777777778,1.9057865862957162
Only UNet,U-Net,UNet,32,2,False,False,0.2,1,16,rotation_90,62,24,24,1.0,6.457876347634403
Only UNet,U-Net,UNet,32,2,False,False,0.2,1,16,rotation_90,63,15,8,0.5333333333333333,0.43894058698489863
Only UNet,U-Net,UNet,32,2,False,False,0.2,1,16,rotation_90,64,22,33,1.5,3.6733881824209162
Only UNet,U-Net,UNet,32,2,False,False,0.2,1,16,rotation_90,65,20,18,0.9,1.0467901924098386
Only UNet,U-Net,UNet,32,2,False,False,0.2,1,16,rotation_90,66,31,13,0.41935483870967744,1.2314708065195572
Only UNet,U-Net,UNet,32,2,False,False,0.2,1,16,rotation_90,67,46,26,0.5652173913043478,-0.0372943603467603
Only UNet,U-Net,UNet,32,2,False,False,0.2,1,16,rotation_90,68,29,11,0.3793103448275862,0.2829461979550609
Only UNet,U-Net,UNet,32,2,False,False,0.2,1,16,rotation_90,69,50,28,0.56,0.013697268418606785
Only UNet,U-Net,UNet,32,2,False,False,0.2,1,16,rotation_90,70,31,37,1.1935483870967742,1.2909276836309942
Only UNet,U-Net,UNet,32,2,False,False,0.2,1,16,rotation_90,71,41,63,1.5365853658536586,5.111228422355391
Only UNet,U-Net,UNet,32,2,False,False,0.2,1,16,rotation_90,72,38,30,0.7894736842105263,9.227143115378334
Only UNet,U-Net,UNet,32,2,False,False,0.2,1,16,rotation_90,73,44,16,0.36363636363636365,0.6764398170695645
Only UNet,U-Net,UNet,32,2,False,False,0.2,1,16,rotation_90,74,37,31,0.8378378378378378,1.5895867101371626
Only UNet,U-Net,UNet,32,2,False,False,0.2,1,16,rotation_90,75,29,38,1.3103448275862069,1.578994982727017
Only UNet,U-Net,UNet,32,2,False,False,0.2,1,16,rotation_90,76,28,29,1.0357142857142858,0.8275900514285985
Only UNet,U-Net,UNet,32,2,False,False,0.2,1,16,rotation_90,77,18,18,1.0,1.9875834715290066
Only UNet,U-Net,UNet,32,2,False,False,0.2,1,16,rotation_90,78,37,21,0.5675675675675675,1.796670250006891
Only UNet,U-Net,UNet,32,2,False,False,0.2,1,16,rotation_90,79,24,22,0.9166666666666666,1.6556392167774163
Only UNet,U-Net,UNet,32,2,False,False,0.2,1,16,rotation_90,80,38,20,0.5263157894736842,0.01256552899820803
Only UNet,U-Net,UNet,32,2,False,False,0.2,1,16,rotation_90,81,25,32,1.28,3.031874172638692
Only UNet,U-Net,UNet,32,2,False,False,0.2,1,16,rotation_90,82,29,26,0.896551724137931,1.5040405376367156
Only UNet,U-Net,UNet,32,2,False,False,0.2,1,16,rotation_90,83,34,34,1.0,0.10882776348395409
Only UNet,U-Net,UNet,32,2,False,False,0.2,1,16,rotation_90,84,21,17,0.8095238095238095,0.5579078084958689
Only UNet,U-Net,UNet,32,2,False,False,0.2,1,16,rotation_90,85,22,73,3.3181818181818183,1.6729301083974186
Only UNet,U-Net,UNet,32,2,False,False,0.2,1,16,rotation_90,86,41,24,0.5853658536585366,0.1407606850305358
Only UNet,U-Net,UNet,32,2,False,False,0.2,1,16,rotation_90,87,28,41,1.4642857142857142,-0.0441199196470441
Only UNet,U-Net,UNet,32,2,False,False,0.2,1,16,rotation_90,88,35,14,0.4,-0.10630812659517763
Only UNet,U-Net,UNet,32,2,False,False,0.2,1,16,rotation_90,89,32,17,0.53125,0.511845118496475
Only UNet,U-Net,UNet,32,2,False,False,0.2,1,16,rotation_90,90,29,26,0.896551724137931,-0.23100035081872772
Only UNet,U-Net,UNet,32,2,False,False,0.2,1,16,rotation_90,91,19,59,3.1052631578947367,2.588518944143398
Only UNet,U-Net,UNet,32,2,False,False,0.2,1,16,rotation_90,92,45,27,0.6,1.1549469795428362
Only UNet,U-Net,UNet,32,2,False,False,0.2,1,16,rotation_90,93,25,13,0.52,-0.12599017233568166
Only UNet,U-Net,UNet,32,2,False,False,0.2,1,16,rotation_90,94,32,21,0.65625,1.0568202313698227
Only UNet,U-Net,UNet,32,2,False,False,0.2,1,16,rotation_90,95,41,22,0.5365853658536586,0.46483379161858845
Only UNet,U-Net,UNet,32,2,False,False,0.2,1,16,rotation_90,96,16,15,0.9375,4.597331730994028
Only UNet,U-Net,UNet,32,2,False,False,0.2,1,16,rotation_90,97,26,13,0.5,0.04017281711172713
Only UNet,U-Net,UNet,32,2,False,False,0.2,1,16,rotation_90,98,25,35,1.4,2.270114439946356
Only UNet,U-Net,UNet,32,2,False,False,0.2,1,16,rotation_90,99,61,15,0.2459016393442623,0.27237052831121666
Only UNet,U-Net,UNet,32,2,False,False,0.2,1,16,symmetry_x,0,33,26,0.7878787878787878,0.09089550730250118
Only UNet,U-Net,UNet,32,2,False,False,0.2,1,16,symmetry_x,1,34,25,0.7352941176470589,0.000743185516340272
Only UNet,U-Net,UNet,32,2,False,False,0.2,1,16,symmetry_x,2,29,19,0.6551724137931034,0.23446229834344506
Only UNet,U-Net,UNet,32,2,False,False,0.2,1,16,symmetry_x,3,28,79,2.8214285714285716,0.012122452082261634
Only UNet,U-Net,UNet,32,2,False,False,0.2,1,16,symmetry_x,4,36,63,1.75,-0.04808959382399401
Only UNet,U-Net,UNet,32,2,False,False,0.2,1,16,symmetry_x,5,42,22,0.5238095238095238,0.03918377624778545
Only UNet,U-Net,UNet,32,2,False,False,0.2,1,16,symmetry_x,6,28,46,1.6428571428571428,-0.0020111790402167675
Only UNet,U-Net,UNet,32,2,False,False,0.2,1,16,symmetry_x,7,38,9,0.23684210526315788,0.005422394598267468
Only UNet,U-Net,UNet,32,2,False,False,0.2,1,16,symmetry_x,8,33,42,1.2727272727272727,0.19208231334678683
Only UNet,U-Net,UNet,32,2,False,False,0.2,1,16,symmetry_x,9,28,35,1.25,-0.008438954441686398
Only UNet,U-Net,UNet,32,2,False,False,0.2,1,16,symmetry_x,10,31,20,0.6451612903225806,-0.050095541320885055
Only UNet,U-Net,UNet,32,2,False,False,0.2,1,16,symmetry_x,11,29,28,0.9655172413793104,0.012150883273143764
Only UNet,U-Net,UNet,32,2,False,False,0.2,1,16,symmetry_x,12,29,25,0.8620689655172413,0.06941536386883435
Only UNet,U-Net,UNet,32,2,False,False,0.2,1,16,symmetry_x,13,28,23,0.8214285714285714,-0.019985467193032107
Only UNet,U-Net,UNet,32,2,False,False,0.2,1,16,symmetry_x,14,29,23,0.7931034482758621,0.030450723679036933
Only UNet,U-Net,UNet,32,2,False,False,0.2,1,16,symmetry_x,15,42,17,0.40476190476190477,0.010800663259640143
Only UNet,U-Net,UNet,32,2,False,False,0.2,1,16,symmetry_x,16,58,46,0.7931034482758621,0.017608298491648418
Only UNet,U-Net,UNet,32,2,False,False,0.2,1,16,symmetry_x,17,35,22,0.6285714285714286,0.0014365943154061843
Only UNet,U-Net,UNet,32,2,False,False,0.2,1,16,symmetry_x,18,17,12,0.7058823529411765,0.006439533772984259
Only UNet,U-Net,UNet,32,2,False,False,0.2,1,16,symmetry_x,19,17,18,1.0588235294117647,0.058896510967902875
Only UNet,U-Net,UNet,32,2,False,False,0.2,1,16,symmetry_x,20,27,17,0.6296296296296297,-0.008335791262008
Only UNet,U-Net,UNet,32,2,False,False,0.2,1,16,symmetry_x,21,40,23,0.575,-0.007324517156518455
Only UNet,U-Net,UNet,32,2,False,False,0.2,1,16,symmetry_x,22,45,25,0.5555555555555556,-0.03046625995946343
Only UNet,U-Net,UNet,32,2,False,False,0.2,1,16,symmetry_x,23,23,21,0.9130434782608695,-0.03376491646778043
Only UNet,U-Net,UNet,32,2,False,False,0.2,1,16,symmetry_x,24,20,80,4.0,0.15420527774298887
Only UNet,U-Net,UNet,32,2,False,False,0.2,1,16,symmetry_x,25,18,9,0.5,0.003767105647986871
Only UNet,U-Net,UNet,32,2,False,False,0.2,1,16,symmetry_x,26,34,14,0.4117647058823529,0.007919222296592249
Only UNet,U-Net,UNet,32,2,False,False,0.2,1,16,symmetry_x,27,35,23,0.6571428571428571,0.0762459391514417
Only UNet,U-Net,UNet,32,2,False,False,0.2,1,16,symmetry_x,28,33,18,0.5454545454545454,-0.01294253088738887
Only UNet,U-Net,UNet,32,2,False,False,0.2,1,16,symmetry_x,29,40,32,0.8,-0.037884215317915186
Only UNet,U-Net,UNet,32,2,False,False,0.2,1,16,symmetry_x,30,19,12,0.631578947368421,0.04288910849044044
Only UNet,U-Net,UNet,32,2,False,False,0.2,1,16,symmetry_x,31,37,30,0.8108108108108109,0.07003071269080607
Only UNet,U-Net,UNet,32,2,False,False,0.2,1,16,symmetry_x,32,37,27,0.7297297297297297,0.012023364160962556
Only UNet,U-Net,UNet,32,2,False,False,0.2,1,16,symmetry_x,33,31,27,0.8709677419354839,0.044317871555641666
Only UNet,U-Net,UNet,32,2,False,False,0.2,1,16,symmetry_x,34,25,21,0.84,0.06885703209548481
Only UNet,U-Net,UNet,32,2,False,False,0.2,1,16,symmetry_x,35,25,18,0.72,-0.033867581898624634
Only UNet,U-Net,UNet,32,2,False,False,0.2,1,16,symmetry_x,36,26,18,0.6923076923076923,0.006459433787103736
Only UNet,U-Net,UNet,32,2,False,False,0.2,1,16,symmetry_x,37,27,9,0.3333333333333333,0.15607623778293964
Only UNet,U-Net,UNet,32,2,False,False,0.2,1,16,symmetry_x,38,44,23,0.5227272727272727,0.018840110113454787
Only UNet,U-Net,UNet,32,2,False,False,0.2,1,16,symmetry_x,39,19,9,0.47368421052631576,-0.0005428577207787634
Only UNet,U-Net,UNet,32,2,False,False,0.2,1,16,symmetry_x,40,41,36,0.8780487804878049,0.017275966567639203
Only UNet,U-Net,UNet,32,2,False,False,0.2,1,16,symmetry_x,41,32,29,0.90625,-0.00823420116911777
Only UNet,U-Net,UNet,32,2,False,False,0.2,1,16,symmetry_x,42,32,13,0.40625,-0.01801895815820761
Only UNet,U-Net,UNet,32,2,False,False,0.2,1,16,symmetry_x,43,28,14,0.5,-0.023915685208514635
Only UNet,U-Net,UNet,32,2,False,False,0.2,1,16,symmetry_x,44,41,37,0.9024390243902439,-0.0009639495452051159
Only UNet,U-Net,UNet,32,2,False,False,0.2,1,16,symmetry_x,45,30,14,0.4666666666666667,0.0050732990598013365
Only UNet,U-Net,UNet,32,2,False,False,0.2,1,16,symmetry_x,46,21,15,0.7142857142857143,-0.029724723052684004
Only UNet,U-Net,UNet,32,2,False,False,0.2,1,16,symmetry_x,47,28,17,0.6071428571428571,0.006691938418137958
Only UNet,U-Net,UNet,32,2,False,False,0.2,1,16,symmetry_x,48,17,48,2.823529411764706,0.08866840349204783
Only UNet,U-Net,UNet,32,2,False,False,0.2,1,16,symmetry_x,49,20,26,1.3,0.05530843158811194
Only UNet,U-Net,UNet,32,2,False,False,0.2,1,16,symmetry_x,50,34,32,0.9411764705882353,-0.0016249881968229635
Only UNet,U-Net,UNet,32,2,False,False,0.2,1,16,symmetry_x,51,41,25,0.6097560975609756,0.012578559872395137
Only UNet,U-Net,UNet,32,2,False,False,0.2,1,16,symmetry_x,52,46,33,0.717391304347826,0.07157151411971505
Only UNet,U-Net,UNet,32,2,False,False,0.2,1,16,symmetry_x,53,18,19,1.0555555555555556,0.021921683351925732
Only UNet,U-Net,UNet,32,2,False,False,0.2,1,16,symmetry_x,54,30,14,0.4666666666666667,-0.058945190945084824
Only UNet,U-Net,UNet,32,2,False,False,0.2,1,16,symmetry_x,55,40,34,0.85,0.23272057186273346
Only UNet,U-Net,UNet,32,2,False,False,0.2,1,16,symmetry_x,56,29,33,1.1379310344827587,-0.033400598309907166
Only UNet,U-Net,UNet,32,2,False,False,0.2,1,16,symmetry_x,57,38,11,0.2894736842105263,0.009965648911074307
Only UNet,U-Net,UNet,32,2,False,False,0.2,1,16,symmetry_x,58,29,21,0.7241379310344828,0.0001256575105141449
Only UNet,U-Net,UNet,32,2,False,False,0.2,1,16,symmetry_x,59,25,18,0.72,0.033368830421129675
Only UNet,U-Net,UNet,32,2,False,False,0.2,1,16,symmetry_x,60,35,39,1.1142857142857143,0.03286908013362524
Only UNet,U-Net,UNet,32,2,False,False,0.2,1,16,symmetry_x,61,18,37,2.0555555555555554,0.01176251715596448
Only UNet,U-Net,UNet,32,2,False,False,0.2,1,16,symmetry_x,62,24,23,0.9583333333333334,-0.0037421787051875304
Only UNet,U-Net,UNet,32,2,False,False,0.2,1,16,symmetry_x,63,15,7,0.4666666666666667,0.004386336329588954
Only UNet,U-Net,UNet,32,2,False,False,0.2,1,16,symmetry_x,64,22,21,0.9545454545454546,-0.00199999244172826
Only UNet,U-Net,UNet,32,2,False,False,0.2,1,16,symmetry_x,65,20,17,0.85,-0.022515886934352244
Only UNet,U-Net,UNet,32,2,False,False,0.2,1,16,symmetry_x,66,31,8,0.25806451612903225,-0.01684411533075528
Only UNet,U-Net,UNet,32,2,False,False,0.2,1,16,symmetry_x,67,46,23,0.5,0.030184133885358382
Only UNet,U-Net,UNet,32,2,False,False,0.2,1,16,symmetry_x,68,29,17,0.5862068965517241,0.03498657903177703
Only UNet,U-Net,UNet,32,2,False,False,0.2,1,16,symmetry_x,69,50,20,0.4,0.03563439479989323
Only UNet,U-Net,UNet,32,2,False,False,0.2,1,16,symmetry_x,70,31,35,1.1290322580645162,0.01028503034417765
Only UNet,U-Net,UNet,32,2,False,False,0.2,1,16,symmetry_x,71,41,32,0.7804878048780488,-0.0853082620406268
Only UNet,U-Net,UNet,32,2,False,False,0.2,1,16,symmetry_x,72,38,9,0.23684210526315788,-0.05106283107966031
Only UNet,U-Net,UNet,32,2,False,False,0.2,1,16,symmetry_x,73,44,38,0.8636363636363636,0.037916600922082475
Only UNet,U-Net,UNet,32,2,False,False,0.2,1,16,symmetry_x,74,37,14,0.3783783783783784,-0.0010112176893191489
Only UNet,U-Net,UNet,32,2,False,False,0.2,1,16,symmetry_x,75,29,16,0.5517241379310345,0.08238810565662784
Only UNet,U-Net,UNet,32,2,False,False,0.2,1,16,symmetry_x,76,28,15,0.5357142857142857,0.021337846323705476
Only UNet,U-Net,UNet,32,2,False,False,0.2,1,16,symmetry_x,77,18,11,0.6111111111111112,-0.015579660096509455
Only UNet,U-Net,UNet,32,2,False,False,0.2,1,16,symmetry_x,78,37,36,0.972972972972973,-0.05064846764176955
Only UNet,U-Net,UNet,32,2,False,False,0.2,1,16,symmetry_x,79,24,22,0.9166666666666666,-0.0076777881808088476
Only UNet,U-Net,UNet,32,2,False,False,0.2,1,16,symmetry_x,80,38,11,0.2894736842105263,0.07410730331206924
Only UNet,U-Net,UNet,32,2,False,False,0.2,1,16,symmetry_x,81,25,20,0.8,0.008239067238170809
Only UNet,U-Net,UNet,32,2,False,False,0.2,1,16,symmetry_x,82,29,27,0.9310344827586207,-0.028055206045931168
Only UNet,U-Net,UNet,32,2,False,False,0.2,1,16,symmetry_x,83,34,25,0.7352941176470589,0.02576800294339969
Only UNet,U-Net,UNet,32,2,False,False,0.2,1,16,symmetry_x,84,21,18,0.8571428571428571,-0.024260884178612913
Only UNet,U-Net,UNet,32,2,False,False,0.2,1,16,symmetry_x,85,22,8,0.36363636363636365,-0.005560730641738202
Only UNet,U-Net,UNet,32,2,False,False,0.2,1,16,symmetry_x,86,41,33,0.8048780487804879,0.00635641696835473
Only UNet,U-Net,UNet,32,2,False,False,0.2,1,16,symmetry_x,87,28,25,0.8928571428571429,0.05883830282442095
Only UNet,U-Net,UNet,32,2,False,False,0.2,1,16,symmetry_x,88,35,36,1.0285714285714285,0.000229526515196048
Only UNet,U-Net,UNet,32,2,False,False,0.2,1,16,symmetry_x,89,32,20,0.625,-0.021354350488867982
Only UNet,U-Net,UNet,32,2,False,False,0.2,1,16,symmetry_x,90,29,12,0.41379310344827586,-0.005689099342558501
Only UNet,U-Net,UNet,32,2,False,False,0.2,1,16,symmetry_x,91,19,18,0.9473684210526315,0.016128656628542147
Only UNet,U-Net,UNet,32,2,False,False,0.2,1,16,symmetry_x,92,45,20,0.4444444444444444,0.02356628342951223
Only UNet,U-Net,UNet,32,2,False,False,0.2,1,16,symmetry_x,93,25,12,0.48,-0.003800817538587944
Only UNet,U-Net,UNet,32,2,False,False,0.2,1,16,symmetry_x,94,32,11,0.34375,0.10285600310432165
Only UNet,U-Net,UNet,32,2,False,False,0.2,1,16,symmetry_x,95,41,16,0.3902439024390244,0.03507444789666794
Only UNet,U-Net,UNet,32,2,False,False,0.2,1,16,symmetry_x,96,16,27,1.6875,-0.008425199184227123
Only UNet,U-Net,UNet,32,2,False,False,0.2,1,16,symmetry_x,97,26,43,1.6538461538461537,0.04718741331108851
Only UNet,U-Net,UNet,32,2,False,False,0.2,1,16,symmetry_x,98,25,9,0.36,0.011044616650228274
Only UNet,U-Net,UNet,32,2,False,False,0.2,1,16,symmetry_x,99,61,19,0.3114754098360656,0.014094579567973125
Only UNet,U-Net,UNet,32,2,False,True,0.2,1,16,original,0,33,28,0.8484848484848485,0.12588299157977154
Only UNet,U-Net,UNet,32,2,False,True,0.2,1,16,original,1,34,26,0.7647058823529411,0.024024917786737147
Only UNet,U-Net,UNet,32,2,False,True,0.2,1,16,original,2,29,48,1.6551724137931034,0.06054531310852235
Only UNet,U-Net,UNet,32,2,False,True,0.2,1,16,original,3,28,70,2.5,0.008434110326029991
Only UNet,U-Net,UNet,32,2,False,True,0.2,1,16,original,4,36,64,1.7777777777777777,-0.005419553935081568
Only UNet,U-Net,UNet,32,2,False,True,0.2,1,16,original,5,42,47,1.119047619047619,0.031015414304030632
Only UNet,U-Net,UNet,32,2,False,True,0.2,1,16,original,6,28,24,0.8571428571428571,0.02760714557122904
Only UNet,U-Net,UNet,32,2,False,True,0.2,1,16,original,7,38,62,1.631578947368421,-0.009966293785067568
Only UNet,U-Net,UNet,32,2,False,True,0.2,1,16,original,8,33,48,1.4545454545454546,0.013309627896452327
Only UNet,U-Net,UNet,32,2,False,True,0.2,1,16,original,9,28,31,1.1071428571428572,0.013838246652435267
Only UNet,U-Net,UNet,32,2,False,True,0.2,1,16,original,10,31,19,0.6129032258064516,-0.06420149584641364
Only UNet,U-Net,UNet,32,2,False,True,0.2,1,16,original,11,29,33,1.1379310344827587,0.004692223326086702
Only UNet,U-Net,UNet,32,2,False,True,0.2,1,16,original,12,29,59,2.0344827586206895,0.022092061989147236
Only UNet,U-Net,UNet,32,2,False,True,0.2,1,16,original,13,28,32,1.1428571428571428,-0.02212497824012374
Only UNet,U-Net,UNet,32,2,False,True,0.2,1,16,original,14,29,26,0.896551724137931,-0.015071477237185348
Only UNet,U-Net,UNet,32,2,False,True,0.2,1,16,original,15,42,16,0.38095238095238093,0.14141163697539
Only UNet,U-Net,UNet,32,2,False,True,0.2,1,16,original,16,58,37,0.6379310344827587,0.02907630660581672
Only UNet,U-Net,UNet,32,2,False,True,0.2,1,16,original,17,35,30,0.8571428571428571,0.03213255979579921
Only UNet,U-Net,UNet,32,2,False,True,0.2,1,16,original,18,17,31,1.8235294117647058,0.003922681615965929
Only UNet,U-Net,UNet,32,2,False,True,0.2,1,16,original,19,17,25,1.4705882352941178,0.0356352943311538
Only UNet,U-Net,UNet,32,2,False,True,0.2,1,16,original,20,27,68,2.5185185185185186,0.1407406255023673
Only UNet,U-Net,UNet,32,2,False,True,0.2,1,16,original,21,40,24,0.6,0.015863242138446
Only UNet,U-Net,UNet,32,2,False,True,0.2,1,16,original,22,45,33,0.7333333333333333,-0.021218757720785106
Only UNet,U-Net,UNet,32,2,False,True,0.2,1,16,original,23,23,27,1.173913043478261,0.0446419311117004
Only UNet,U-Net,UNet,32,2,False,True,0.2,1,16,original,24,20,20,1.0,0.3812298170423315
Only UNet,U-Net,UNet,32,2,False,True,0.2,1,16,original,25,18,23,1.2777777777777777,0.09102611390227239
Only UNet,U-Net,UNet,32,2,False,True,0.2,1,16,original,26,34,28,0.8235294117647058,0.04853189537583616
Only UNet,U-Net,UNet,32,2,False,True,0.2,1,16,original,27,35,49,1.4,0.07437805042377266
Only UNet,U-Net,UNet,32,2,False,True,0.2,1,16,original,28,33,18,0.5454545454545454,-0.010075566967930947
Only UNet,U-Net,UNet,32,2,False,True,0.2,1,16,original,29,40,15,0.375,0.061092370358217706
Only UNet,U-Net,UNet,32,2,False,True,0.2,1,16,original,30,19,15,0.7894736842105263,0.045982385231407095
Only UNet,U-Net,UNet,32,2,False,True,0.2,1,16,original,31,37,67,1.8108108108108107,0.06452572121785634
Only UNet,U-Net,UNet,32,2,False,True,0.2,1,16,original,32,37,28,0.7567567567567568,-0.031030769517858967
Only UNet,U-Net,UNet,32,2,False,True,0.2,1,16,original,33,31,35,1.1290322580645162,-0.004561026820565254
Only UNet,U-Net,UNet,32,2,False,True,0.2,1,16,original,34,25,20,0.8,0.08750941791881837
Only UNet,U-Net,UNet,32,2,False,True,0.2,1,16,original,35,25,24,0.96,0.12657396760965506
Only UNet,U-Net,UNet,32,2,False,True,0.2,1,16,original,36,26,10,0.38461538461538464,-0.0030631416819718532
Only UNet,U-Net,UNet,32,2,False,True,0.2,1,16,original,37,27,17,0.6296296296296297,0.013493511029309858
Only UNet,U-Net,UNet,32,2,False,True,0.2,1,16,original,38,44,35,0.7954545454545454,0.03222285863103297
Only UNet,U-Net,UNet,32,2,False,True,0.2,1,16,original,39,19,16,0.8421052631578947,-0.008661869319366761
Only UNet,U-Net,UNet,32,2,False,True,0.2,1,16,original,40,41,41,1.0,0.16117977653032964
Only UNet,U-Net,UNet,32,2,False,True,0.2,1,16,original,41,32,21,0.65625,0.02895842988531486
Only UNet,U-Net,UNet,32,2,False,True,0.2,1,16,original,42,32,28,0.875,0.03012795004810139
Only UNet,U-Net,UNet,32,2,False,True,0.2,1,16,original,43,28,14,0.5,-0.0036348490383032637
Only UNet,U-Net,UNet,32,2,False,True,0.2,1,16,original,44,41,29,0.7073170731707317,0.002728283183269656
Only UNet,U-Net,UNet,32,2,False,True,0.2,1,16,original,45,30,26,0.8666666666666667,0.01585976601002692
Only UNet,U-Net,UNet,32,2,False,True,0.2,1,16,original,46,21,58,2.761904761904762,-0.010685259187665283
Only UNet,U-Net,UNet,32,2,False,True,0.2,1,16,original,47,28,26,0.9285714285714286,0.046612864016071336
Only UNet,U-Net,UNet,32,2,False,True,0.2,1,16,original,48,17,26,1.5294117647058822,0.05833063820527625
Only UNet,U-Net,UNet,32,2,False,True,0.2,1,16,original,49,20,22,1.1,0.11041659498022445
Only UNet,U-Net,UNet,32,2,False,True,0.2,1,16,original,50,34,50,1.4705882352941178,0.0013463827238854394
Only UNet,U-Net,UNet,32,2,False,True,0.2,1,16,original,51,41,19,0.4634146341463415,-0.006090452297813834
Only UNet,U-Net,UNet,32,2,False,True,0.2,1,16,original,52,46,21,0.45652173913043476,0.049378642182075334
Only UNet,U-Net,UNet,32,2,False,True,0.2,1,16,original,53,18,39,2.1666666666666665,0.07207912391159263
Only UNet,U-Net,UNet,32,2,False,True,0.2,1,16,original,54,30,34,1.1333333333333333,-0.055782996545979215
Only UNet,U-Net,UNet,32,2,False,True,0.2,1,16,original,55,40,42,1.05,0.14765340975821098
Only UNet,U-Net,UNet,32,2,False,True,0.2,1,16,original,56,29,40,1.3793103448275863,-0.013801084868837316
Only UNet,U-Net,UNet,32,2,False,True,0.2,1,16,original,57,38,8,0.21052631578947367,0.025948561911072764
Only UNet,U-Net,UNet,32,2,False,True,0.2,1,16,original,58,29,26,0.896551724137931,-0.014166292779257168
Only UNet,U-Net,UNet,32,2,False,True,0.2,1,16,original,59,25,23,0.92,-0.005583735811356183
Only UNet,U-Net,UNet,32,2,False,True,0.2,1,16,original,60,35,37,1.0571428571428572,0.08403700822068831
Only UNet,U-Net,UNet,32,2,False,True,0.2,1,16,original,61,18,46,2.5555555555555554,-0.0135110343052201
Only UNet,U-Net,UNet,32,2,False,True,0.2,1,16,original,62,24,13,0.5416666666666666,-0.019617278434664764
Only UNet,U-Net,UNet,32,2,False,True,0.2,1,16,original,63,15,36,2.4,0.057354122538482044
Only UNet,U-Net,UNet,32,2,False,True,0.2,1,16,original,64,22,27,1.2272727272727273,-0.02033580663949929
Only UNet,U-Net,UNet,32,2,False,True,0.2,1,16,original,65,20,12,0.6,-0.03948520561198294
Only UNet,U-Net,UNet,32,2,False,True,0.2,1,16,original,66,31,18,0.5806451612903226,-0.0075188506313327115
Only UNet,U-Net,UNet,32,2,False,True,0.2,1,16,original,67,46,41,0.8913043478260869,0.0344641883618727
Only UNet,U-Net,UNet,32,2,False,True,0.2,1,16,original,68,29,10,0.3448275862068966,0.02789524329373632
Only UNet,U-Net,UNet,32,2,False,True,0.2,1,16,original,69,50,36,0.72,0.019039179834009715
Only UNet,U-Net,UNet,32,2,False,True,0.2,1,16,original,70,31,22,0.7096774193548387,0.017869794574753014
Only UNet,U-Net,UNet,32,2,False,True,0.2,1,16,original,71,41,11,0.2682926829268293,-0.042293632271026914
Only UNet,U-Net,UNet,32,2,False,True,0.2,1,16,original,72,38,35,0.9210526315789473,0.08945715092090124
Only UNet,U-Net,UNet,32,2,False,True,0.2,1,16,original,73,44,22,0.5,0.1511806588578826
Only UNet,U-Net,UNet,32,2,False,True,0.2,1,16,original,74,37,20,0.5405405405405406,0.10590115834315278
Only UNet,U-Net,UNet,32,2,False,True,0.2,1,16,original,75,29,40,1.3793103448275863,0.04040783729544561
Only UNet,U-Net,UNet,32,2,False,True,0.2,1,16,original,76,28,8,0.2857142857142857,0.010985607439892695
Only UNet,U-Net,UNet,32,2,False,True,0.2,1,16,original,77,18,10,0.5555555555555556,-0.024531545261911453
Only UNet,U-Net,UNet,32,2,False,True,0.2,1,16,original,78,37,16,0.43243243243243246,0.02277442413884984
Only UNet,U-Net,UNet,32,2,False,True,0.2,1,16,original,79,24,21,0.875,0.013972210881475718
Only UNet,U-Net,UNet,32,2,False,True,0.2,1,16,original,80,38,26,0.6842105263157895,0.1687673624797765
Only UNet,U-Net,UNet,32,2,False,True,0.2,1,16,original,81,25,22,0.88,-0.0015051785375451623
Only UNet,U-Net,UNet,32,2,False,True,0.2,1,16,original,82,29,31,1.0689655172413792,-0.04074957351641838
Only UNet,U-Net,UNet,32,2,False,True,0.2,1,16,original,83,34,36,1.0588235294117647,0.04909847607507049
Only UNet,U-Net,UNet,32,2,False,True,0.2,1,16,original,84,21,27,1.2857142857142858,-0.004295218311070208
Only UNet,U-Net,UNet,32,2,False,True,0.2,1,16,original,85,22,35,1.5909090909090908,0.04703772352086195
Only UNet,U-Net,UNet,32,2,False,True,0.2,1,16,original,86,41,57,1.3902439024390243,0.05764484857165354
Only UNet,U-Net,UNet,32,2,False,True,0.2,1,16,original,87,28,23,0.8214285714285714,0.0035532473056522494
Only UNet,U-Net,UNet,32,2,False,True,0.2,1,16,original,88,35,29,0.8285714285714286,-0.04057672470908102
Only UNet,U-Net,UNet,32,2,False,True,0.2,1,16,original,89,32,17,0.53125,-0.022135495435575112
Only UNet,U-Net,UNet,32,2,False,True,0.2,1,16,original,90,29,12,0.41379310344827586,0.023732339349388183
Only UNet,U-Net,UNet,32,2,False,True,0.2,1,16,original,91,19,21,1.105263157894737,0.03841721818201642
Only UNet,U-Net,UNet,32,2,False,True,0.2,1,16,original,92,45,15,0.3333333333333333,-0.05671846524247605
Only UNet,U-Net,UNet,32,2,False,True,0.2,1,16,original,93,25,41,1.64,0.023162584522143072
Only UNet,U-Net,UNet,32,2,False,True,0.2,1,16,original,94,32,26,0.8125,0.006474698895070802
Only UNet,U-Net,UNet,32,2,False,True,0.2,1,16,original,95,41,30,0.7317073170731707,0.06464001593470318
Only UNet,U-Net,UNet,32,2,False,True,0.2,1,16,original,96,16,36,2.25,-0.018777294860494564
Only UNet,U-Net,UNet,32,2,False,True,0.2,1,16,original,97,26,44,1.6923076923076923,0.10504903764241574
Only UNet,U-Net,UNet,32,2,False,True,0.2,1,16,original,98,25,25,1.0,0.045751149177945025
Only UNet,U-Net,UNet,32,2,False,True,0.2,1,16,original,99,61,32,0.5245901639344263,0.03888760217227019
Only UNet,U-Net,UNet,32,2,False,True,0.2,1,16,rotation_90,0,33,20,0.6060606060606061,-0.29447899988432547
Only UNet,U-Net,UNet,32,2,False,True,0.2,1,16,rotation_90,1,34,40,1.1764705882352942,0.17597009760958462
Only UNet,U-Net,UNet,32,2,False,True,0.2,1,16,rotation_90,2,29,41,1.4137931034482758,1.0335629504950627
Only UNet,U-Net,UNet,32,2,False,True,0.2,1,16,rotation_90,3,28,17,0.6071428571428571,-0.0447698877759506
Only UNet,U-Net,UNet,32,2,False,True,0.2,1,16,rotation_90,4,36,46,1.2777777777777777,-0.4727859575867647
Only UNet,U-Net,UNet,32,2,False,True,0.2,1,16,rotation_90,5,42,26,0.6190476190476191,0.6049143588430672
Only UNet,U-Net,UNet,32,2,False,True,0.2,1,16,rotation_90,6,28,18,0.6428571428571429,2.3634280293600485
Only UNet,U-Net,UNet,32,2,False,True,0.2,1,16,rotation_90,7,38,16,0.42105263157894735,0.673894857388506
Only UNet,U-Net,UNet,32,2,False,True,0.2,1,16,rotation_90,8,33,46,1.393939393939394,0.7173306564765273
Only UNet,U-Net,UNet,32,2,False,True,0.2,1,16,rotation_90,9,28,31,1.1071428571428572,0.2978613217247898
Only UNet,U-Net,UNet,32,2,False,True,0.2,1,16,rotation_90,10,31,53,1.7096774193548387,0.7345738419558919
Only UNet,U-Net,UNet,32,2,False,True,0.2,1,16,rotation_90,11,29,14,0.4827586206896552,-0.16288685450487073
Only UNet,U-Net,UNet,32,2,False,True,0.2,1,16,rotation_90,12,29,28,0.9655172413793104,0.9443985969593613
Only UNet,U-Net,UNet,32,2,False,True,0.2,1,16,rotation_90,13,28,45,1.6071428571428572,-0.13397057412521599
Only UNet,U-Net,UNet,32,2,False,True,0.2,1,16,rotation_90,14,29,11,0.3793103448275862,0.38186887260547664
Only UNet,U-Net,UNet,32,2,False,True,0.2,1,16,rotation_90,15,42,40,0.9523809523809523,0.7010779809215077
Only UNet,U-Net,UNet,32,2,False,True,0.2,1,16,rotation_90,16,58,26,0.4482758620689655,0.11728567579479021
Only UNet,U-Net,UNet,32,2,False,True,0.2,1,16,rotation_90,17,35,29,0.8285714285714286,2.008862369310503
Only UNet,U-Net,UNet,32,2,False,True,0.2,1,16,rotation_90,18,17,58,3.411764705882353,-0.11639677188460347
Only UNet,U-Net,UNet,32,2,False,True,0.2,1,16,rotation_90,19,17,21,1.2352941176470589,1.0838615408355192
Only UNet,U-Net,UNet,32,2,False,True,0.2,1,16,rotation_90,20,27,37,1.3703703703703705,2.7333689772677845
Only UNet,U-Net,UNet,32,2,False,True,0.2,1,16,rotation_90,21,40,24,0.6,1.2013050189721173
Only UNet,U-Net,UNet,32,2,False,True,0.2,1,16,rotation_90,22,45,39,0.8666666666666667,-0.22667504005026265
Only UNet,U-Net,UNet,32,2,False,True,0.2,1,16,rotation_90,23,23,76,3.3043478260869565,0.10545567046760364
Only UNet,U-Net,UNet,32,2,False,True,0.2,1,16,rotation_90,24,20,36,1.8,21.01756538437809
Only UNet,U-Net,UNet,32,2,False,True,0.2,1,16,rotation_90,25,18,24,1.3333333333333333,2.062183626178317
Only UNet,U-Net,UNet,32,2,False,True,0.2,1,16,rotation_90,26,34,81,2.3823529411764706,-0.07639291463087611
Only UNet,U-Net,UNet,32,2,False,True,0.2,1,16,rotation_90,27,35,13,0.37142857142857144,1.312133913974884
Only UNet,U-Net,UNet,32,2,False,True,0.2,1,16,rotation_90,28,33,21,0.6363636363636364,0.4881681340234245
Only UNet,U-Net,UNet,32,2,False,True,0.2,1,16,rotation_90,29,40,22,0.55,0.29089404485588183
Only UNet,U-Net,UNet,32,2,False,True,0.2,1,16,rotation_90,30,19,44,2.3157894736842106,-0.14774980180104458
Only UNet,U-Net,UNet,32,2,False,True,0.2,1,16,rotation_90,31,37,53,1.4324324324324325,2.4596498377791796
Only UNet,U-Net,UNet,32,2,False,True,0.2,1,16,rotation_90,32,37,17,0.4594594594594595,-0.0655454267038912
Only UNet,U-Net,UNet,32,2,False,True,0.2,1,16,rotation_90,33,31,19,0.6129032258064516,-0.2332638365030088
Only UNet,U-Net,UNet,32,2,False,True,0.2,1,16,rotation_90,34,25,23,0.92,2.7095923084782316
Only UNet,U-Net,UNet,32,2,False,True,0.2,1,16,rotation_90,35,25,28,1.12,0.4708765113603559
Only UNet,U-Net,UNet,32,2,False,True,0.2,1,16,rotation_90,36,26,13,0.5,2.035566265678717
Only UNet,U-Net,UNet,32,2,False,True,0.2,1,16,rotation_90,37,27,28,1.037037037037037,0.8386297635119659
Only UNet,U-Net,UNet,32,2,False,True,0.2,1,16,rotation_90,38,44,51,1.1590909090909092,-0.4379450102340978
Only UNet,U-Net,UNet,32,2,False,True,0.2,1,16,rotation_90,39,19,46,2.4210526315789473,1.6406396277068778
Only UNet,U-Net,UNet,32,2,False,True,0.2,1,16,rotation_90,40,41,27,0.6585365853658537,1.2694453165758208
Only UNet,U-Net,UNet,32,2,False,True,0.2,1,16,rotation_90,41,32,30,0.9375,1.0554834337520769
Only UNet,U-Net,UNet,32,2,False,True,0.2,1,16,rotation_90,42,32,43,1.34375,0.3700651493710392
Only UNet,U-Net,UNet,32,2,False,True,0.2,1,16,rotation_90,43,28,26,0.9285714285714286,0.2944476924721466
Only UNet,U-Net,UNet,32,2,False,True,0.2,1,16,rotation_90,44,41,41,1.0,-0.31328398346311337
Only UNet,U-Net,UNet,32,2,False,True,0.2,1,16,rotation_90,45,30,41,1.3666666666666667,-0.32037306518075737
Only UNet,U-Net,UNet,32,2,False,True,0.2,1,16,rotation_90,46,21,50,2.380952380952381,-0.31653859562277453
Only UNet,U-Net,UNet,32,2,False,True,0.2,1,16,rotation_90,47,28,36,1.2857142857142858,0.23131998151368707
Only UNet,U-Net,UNet,32,2,False,True,0.2,1,16,rotation_90,48,17,17,1.0,-0.29171887986182504
Only UNet,U-Net,UNet,32,2,False,True,0.2,1,16,rotation_90,49,20,17,0.85,2.490696688247277
Only UNet,U-Net,UNet,32,2,False,True,0.2,1,16,rotation_90,50,34,16,0.47058823529411764,-0.346314177092596
Only UNet,U-Net,UNet,32,2,False,True,0.2,1,16,rotation_90,51,41,29,0.7073170731707317,0.14659272693442996
Only UNet,U-Net,UNet,32,2,False,True,0.2,1,16,rotation_90,52,46,39,0.8478260869565217,-0.15028925396954915
Only UNet,U-Net,UNet,32,2,False,True,0.2,1,16,rotation_90,53,18,29,1.6111111111111112,0.09469714087567611
Only UNet,U-Net,UNet,32,2,False,True,0.2,1,16,rotation_90,54,30,24,0.8,-0.43665595805676743
Only UNet,U-Net,UNet,32,2,False,True,0.2,1,16,rotation_90,55,40,67,1.675,0.9581226248723062
Only UNet,U-Net,UNet,32,2,False,True,0.2,1,16,rotation_90,56,29,21,0.7241379310344828,0.38309746373520004
Only UNet,U-Net,UNet,32,2,False,True,0.2,1,16,rotation_90,57,38,55,1.4473684210526316,6.53147184994352
Only UNet,U-Net,UNet,32,2,False,True,0.2,1,16,rotation_90,58,29,23,0.7931034482758621,0.7992171233479783
Only UNet,U-Net,UNet,32,2,False,True,0.2,1,16,rotation_90,59,25,23,0.92,0.09218667391660192
Only UNet,U-Net,UNet,32,2,False,True,0.2,1,16,rotation_90,60,35,12,0.34285714285714286,-0.5562633576966063
Only UNet,U-Net,UNet,32,2,False,True,0.2,1,16,rotation_90,61,18,23,1.2777777777777777,1.8998741917440987
Only UNet,U-Net,UNet,32,2,False,True,0.2,1,16,rotation_90,62,24,35,1.4583333333333333,6.294809397524896
Only UNet,U-Net,UNet,32,2,False,True,0.2,1,16,rotation_90,63,15,47,3.1333333333333333,0.623168055583654
Only UNet,U-Net,UNet,32,2,False,True,0.2,1,16,rotation_90,64,22,30,1.3636363636363635,3.6606036422942823
Only UNet,U-Net,UNet,32,2,False,True,0.2,1,16,rotation_90,65,20,20,1.0,1.0909568926241657
Only UNet,U-Net,UNet,32,2,False,True,0.2,1,16,rotation_90,66,31,18,0.5806451612903226,1.4471444366399622
Only UNet,U-Net,UNet,32,2,False,True,0.2,1,16,rotation_90,67,46,24,0.5217391304347826,-0.039311366221158044
Only UNet,U-Net,UNet,32,2,False,True,0.2,1,16,rotation_90,68,29,33,1.1379310344827587,0.2634615406258617
Only UNet,U-Net,UNet,32,2,False,True,0.2,1,16,rotation_90,69,50,39,0.78,0.1305835900876358
Only UNet,U-Net,UNet,32,2,False,True,0.2,1,16,rotation_90,70,31,40,1.2903225806451613,1.2700940503808131
Only UNet,U-Net,UNet,32,2,False,True,0.2,1,16,rotation_90,71,41,43,1.048780487804878,4.984503231955425
Only UNet,U-Net,UNet,32,2,False,True,0.2,1,16,rotation_90,72,38,29,0.7631578947368421,9.427186623954706
Only UNet,U-Net,UNet,32,2,False,True,0.2,1,16,rotation_90,73,44,35,0.7954545454545454,0.6890295757750192
Only UNet,U-Net,UNet,32,2,False,True,0.2,1,16,rotation_90,74,37,37,1.0,1.759388890749628
Only UNet,U-Net,UNet,32,2,False,True,0.2,1,16,rotation_90,75,29,19,0.6551724137931034,1.6449177136904458
Only UNet,U-Net,UNet,32,2,False,True,0.2,1,16,rotation_90,76,28,33,1.1785714285714286,0.8549535177976896
Only UNet,U-Net,UNet,32,2,False,True,0.2,1,16,rotation_90,77,18,21,1.1666666666666667,1.9553705186007666
Only UNet,U-Net,UNet,32,2,False,True,0.2,1,16,rotation_90,78,37,29,0.7837837837837838,1.7953663819205867
Only UNet,U-Net,UNet,32,2,False,True,0.2,1,16,rotation_90,79,24,32,1.3333333333333333,1.7723595109403165
Only UNet,U-Net,UNet,32,2,False,True,0.2,1,16,rotation_90,80,38,51,1.3421052631578947,0.008494253400791178
Only UNet,U-Net,UNet,32,2,False,True,0.2,1,16,rotation_90,81,25,30,1.2,3.034068042231062
Only UNet,U-Net,UNet,32,2,False,True,0.2,1,16,rotation_90,82,29,25,0.8620689655172413,1.564946908518431
Only UNet,U-Net,UNet,32,2,False,True,0.2,1,16,rotation_90,83,34,75,2.2058823529411766,0.24428988865905255
Only UNet,U-Net,UNet,32,2,False,True,0.2,1,16,rotation_90,84,21,22,1.0476190476190477,0.5162794502870675
Only UNet,U-Net,UNet,32,2,False,True,0.2,1,16,rotation_90,85,22,33,1.5,1.948293586766511
Only UNet,U-Net,UNet,32,2,False,True,0.2,1,16,rotation_90,86,41,36,0.8780487804878049,0.08438864477125685
Only UNet,U-Net,UNet,32,2,False,True,0.2,1,16,rotation_90,87,28,36,1.2857142857142858,-0.023842851370013865
Only UNet,U-Net,UNet,32,2,False,True,0.2,1,16,rotation_90,88,35,24,0.6857142857142857,-0.16575639839074602
Only UNet,U-Net,UNet,32,2,False,True,0.2,1,16,rotation_90,89,32,26,0.8125,0.5180517917215673
Only UNet,U-Net,UNet,32,2,False,True,0.2,1,16,rotation_90,90,29,22,0.7586206896551724,-0.2450762448239905
Only UNet,U-Net,UNet,32,2,False,True,0.2,1,16,rotation_90,91,19,28,1.4736842105263157,2.3004282303171713
Only UNet,U-Net,UNet,32,2,False,True,0.2,1,16,rotation_90,92,45,19,0.4222222222222222,1.1893010403819675
Only UNet,U-Net,UNet,32,2,False,True,0.2,1,16,rotation_90,93,25,45,1.8,-0.12720699981609287
Only UNet,U-Net,UNet,32,2,False,True,0.2,1,16,rotation_90,94,32,19,0.59375,1.099586747373593
Only UNet,U-Net,UNet,32,2,False,True,0.2,1,16,rotation_90,95,41,38,0.926829268292683,0.5219903780044355
Only UNet,U-Net,UNet,32,2,False,True,0.2,1,16,rotation_90,96,16,35,2.1875,4.518273340974138
Only UNet,U-Net,UNet,32,2,False,True,0.2,1,16,rotation_90,97,26,12,0.46153846153846156,0.038356663512255966
Only UNet,U-Net,UNet,32,2,False,True,0.2,1,16,rotation_90,98,25,49,1.96,2.294481884558134
Only UNet,U-Net,UNet,32,2,False,True,0.2,1,16,rotation_90,99,61,25,0.4098360655737705,0.30753774136392603
Only UNet,U-Net,UNet,32,2,False,True,0.2,1,16,symmetry_x,0,33,25,0.7575757575757576,0.06185520179199776
Only UNet,U-Net,UNet,32,2,False,True,0.2,1,16,symmetry_x,1,34,58,1.7058823529411764,0.02949156025215991
Only UNet,U-Net,UNet,32,2,False,True,0.2,1,16,symmetry_x,2,29,35,1.206896551724138,0.03956346261741444
Only UNet,U-Net,UNet,32,2,False,True,0.2,1,16,symmetry_x,3,28,69,2.4642857142857144,0.0032228888057073894
Only UNet,U-Net,UNet,32,2,False,True,0.2,1,16,symmetry_x,4,36,55,1.5277777777777777,-0.019878927943666688
Only UNet,U-Net,UNet,32,2,False,True,0.2,1,16,symmetry_x,5,42,76,1.8095238095238095,0.03509578174200635
Only UNet,U-Net,UNet,32,2,False,True,0.2,1,16,symmetry_x,6,28,54,1.9285714285714286,0.09430875219794187
Only UNet,U-Net,UNet,32,2,False,True,0.2,1,16,symmetry_x,7,38,58,1.5263157894736843,0.0109110404416715
Only UNet,U-Net,UNet,32,2,False,True,0.2,1,16,symmetry_x,8,33,58,1.7575757575757576,0.12595604637414531
Only UNet,U-Net,UNet,32,2,False,True,0.2,1,16,symmetry_x,9,28,16,0.5714285714285714,0.04272390783222604
Only UNet,U-Net,UNet,32,2,False,True,0.2,1,16,symmetry_x,10,31,12,0.3870967741935484,-0.045794625285340826
Only UNet,U-Net,UNet,32,2,False,True,0.2,1,16,symmetry_x,11,29,36,1.2413793103448276,0.09014762681470287
Only UNet,U-Net,UNet,32,2,False,True,0.2,1,16,symmetry_x,12,29,37,1.2758620689655173,0.04530239614379015
Only UNet,U-Net,UNet,32,2,False,True,0.2,1,16,symmetry_x,13,28,35,1.25,-0.04043097632774243
Only UNet,U-Net,UNet,32,2,False,True,0.2,1,16,symmetry_x,14,29,14,0.4827586206896552,0.022326802326532343
Only UNet,U-Net,UNet,32,2,False,True,0.2,1,16,symmetry_x,15,42,27,0.6428571428571429,0.015485895991138258
Only UNet,U-Net,UNet,32,2,False,True,0.2,1,16,symmetry_x,16,58,40,0.6896551724137931,0.002994685924616148
Only UNet,U-Net,UNet,32,2,False,True,0.2,1,16,symmetry_x,17,35,28,0.8,0.06312060219524585
Only UNet,U-Net,UNet,32,2,False,True,0.2,1,16,symmetry_x,18,17,23,1.3529411764705883,-0.00048823875695157883
Only UNet,U-Net,UNet,32,2,False,True,0.2,1,16,symmetry_x,19,17,24,1.411764705882353,0.07186085221142284
Only UNet,U-Net,UNet,32,2,False,True,0.2,1,16,symmetry_x,20,27,26,0.9629629629629629,0.005957765112610174
Only UNet,U-Net,UNet,32,2,False,True,0.2,1,16,symmetry_x,21,40,47,1.175,-0.01752776110581054
Only UNet,U-Net,UNet,32,2,False,True,0.2,1,16,symmetry_x,22,45,23,0.5111111111111111,-0.014752582724893545
Only UNet,U-Net,UNet,32,2,False,True,0.2,1,16,symmetry_x,23,23,24,1.0434782608695652,0.03267214708742155
Only UNet,U-Net,UNet,32,2,False,True,0.2,1,16,symmetry_x,24,20,9,0.45,0.0020901979864792423
Only UNet,U-Net,UNet,32,2,False,True,0.2,1,16,symmetry_x,25,18,19,1.0555555555555556,0.0029991498239851466
Only UNet,U-Net,UNet,32,2,False,True,0.2,1,16,symmetry_x,26,34,20,0.5882352941176471,0.03835608415968233
Only UNet,U-Net,UNet,32,2,False,True,0.2,1,16,symmetry_x,27,35,48,1.3714285714285714,0.04884335965479153
Only UNet,U-Net,UNet,32,2,False,True,0.2,1,16,symmetry_x,28,33,64,1.9393939393939394,-0.006342552713341135
Only UNet,U-Net,UNet,32,2,False,True,0.2,1,16,symmetry_x,29,40,24,0.6,0.046060788622237524
Only UNet,U-Net,UNet,32,2,False,True,0.2,1,16,symmetry_x,30,19,22,1.1578947368421053,0.004349718918189858
Only UNet,U-Net,UNet,32,2,False,True,0.2,1,16,symmetry_x,31,37,66,1.7837837837837838,0.03677011338598349
Only UNet,U-Net,UNet,32,2,False,True,0.2,1,16,symmetry_x,32,37,23,0.6216216216216216,-0.027041841878082094
Only UNet,U-Net,UNet,32,2,False,True,0.2,1,16,symmetry_x,33,31,46,1.4838709677419355,0.009160111947388496
Only UNet,U-Net,UNet,32,2,False,True,0.2,1,16,symmetry_x,34,25,14,0.56,0.06289557388895695
Only UNet,U-Net,UNet,32,2,False,True,0.2,1,16,symmetry_x,35,25,30,1.2,0.10215550399493127
Only UNet,U-Net,UNet,32,2,False,True,0.2,1,16,symmetry_x,36,26,36,1.3846153846153846,0.013426303586867808
Only UNet,U-Net,UNet,32,2,False,True,0.2,1,16,symmetry_x,37,27,19,0.7037037037037037,-0.0012460329293488678
Only UNet,U-Net,UNet,32,2,False,True,0.2,1,16,symmetry_x,38,44,41,0.9318181818181818,0.003396610445228758
Only UNet,U-Net,UNet,32,2,False,True,0.2,1,16,symmetry_x,39,19,26,1.368421052631579,0.01479595929159962
Only UNet,U-Net,UNet,32,2,False,True,0.2,1,16,symmetry_x,40,41,27,0.6585365853658537,-0.00272624747953342
Only UNet,U-Net,UNet,32,2,False,True,0.2,1,16,symmetry_x,41,32,33,1.03125,-0.027951245504757485
Only UNet,U-Net,UNet,32,2,False,True,0.2,1,16,symmetry_x,42,32,15,0.46875,0.02054985805492752
Only UNet,U-Net,UNet,32,2,False,True,0.2,1,16,symmetry_x,43,28,27,0.9642857142857143,-0.012273937818431498
Only UNet,U-Net,UNet,32,2,False,True,0.2,1,16,symmetry_x,44,41,20,0.4878048780487805,-0.02136864440746747
Only UNet,U-Net,UNet,32,2,False,True,0.2,1,16,symmetry_x,45,30,19,0.6333333333333333,-0.007808127667431188
Only UNet,U-Net,UNet,32,2,False,True,0.2,1,16,symmetry_x,46,21,53,2.5238095238095237,-0.03498215770452713
Only UNet,U-Net,UNet,32,2,False,True,0.2,1,16,symmetry_x,47,28,32,1.1428571428571428,-0.008268297309066041
Only UNet,U-Net,UNet,32,2,False,True,0.2,1,16,symmetry_x,48,17,23,1.3529411764705883,0.055225138268712594
Only UNet,U-Net,UNet,32,2,False,True,0.2,1,16,symmetry_x,49,20,18,0.9,0.009289015722662462
Only UNet,U-Net,UNet,32,2,False,True,0.2,1,16,symmetry_x,50,34,43,1.2647058823529411,0.03445637722499355
Only UNet,U-Net,UNet,32,2,False,True,0.2,1,16,symmetry_x,51,41,34,0.8292682926829268,0.12172923237497167
Only UNet,U-Net,UNet,32,2,False,True,0.2,1,16,symmetry_x,52,46,26,0.5652173913043478,0.0510730909675959
Only UNet,U-Net,UNet,32,2,False,True,0.2,1,16,symmetry_x,53,18,19,1.0555555555555556,0.04019362506242325
Only UNet,U-Net,UNet,32,2,False,True,0.2,1,16,symmetry_x,54,30,35,1.1666666666666667,-0.005900982363466114
Only UNet,U-Net,UNet,32,2,False,True,0.2,1,16,symmetry_x,55,40,19,0.475,0.13798688174304305
Only UNet,U-Net,UNet,32,2,False,True,0.2,1,16,symmetry_x,56,29,34,1.1724137931034482,-0.012456053325315134
Only UNet,U-Net,UNet,32,2,False,True,0.2,1,16,symmetry_x,57,38,12,0.3157894736842105,0.031248072110501877
Only UNet,U-Net,UNet,32,2,False,True,0.2,1,16,symmetry_x,58,29,33,1.1379310344827587,-0.0029634800881816028
Only UNet,U-Net,UNet,32,2,False,True,0.2,1,16,symmetry_x,59,25,16,0.64,-0.002030812851952685
Only UNet,U-Net,UNet,32,2,False,True,0.2,1,16,symmetry_x,60,35,39,1.1142857142857143,0.13392248141927882
Only UNet,U-Net,UNet,32,2,False,True,0.2,1,16,symmetry_x,61,18,29,1.6111111111111112,0.03583587144558563
Only UNet,U-Net,UNet,32,2,False,True,0.2,1,16,symmetry_x,62,24,26,1.0833333333333333,-0.02889566558359934
Only UNet,U-Net,UNet,32,2,False,True,0.2,1,16,symmetry_x,63,15,19,1.2666666666666666,-0.01438745171225562
Only UNet,U-Net,UNet,32,2,False,True,0.2,1,16,symmetry_x,64,22,10,0.45454545454545453,-0.016154791930457265
Only UNet,U-Net,UNet,32,2,False,True,0.2,1,16,symmetry_x,65,20,25,1.25,0.060338887392815226
Only UNet,U-Net,UNet,32,2,False,True,0.2,1,16,symmetry_x,66,31,24,0.7741935483870968,-0.026120085485978713
Only UNet,U-Net,UNet,32,2,False,True,0.2,1,16,symmetry_x,67,46,31,0.6739130434782609,0.06456247953897787
Only UNet,U-Net,UNet,32,2,False,True,0.2,1,16,symmetry_x,68,29,29,1.0,0.04281632124789682
Only UNet,U-Net,UNet,32,2,False,True,0.2,1,16,symmetry_x,69,50,42,0.84,0.032908436471326574
Only UNet,U-Net,UNet,32,2,False,True,0.2,1,16,symmetry_x,70,31,32,1.032258064516129,0.01670680963094914
Only UNet,U-Net,UNet,32,2,False,True,0.2,1,16,symmetry_x,71,41,12,0.2926829268292683,-0.05890890302039021
Only UNet,U-Net,UNet,32,2,False,True,0.2,1,16,symmetry_x,72,38,20,0.5263157894736842,-0.0432974296723403
Only UNet,U-Net,UNet,32,2,False,True,0.2,1,16,symmetry_x,73,44,43,0.9772727272727273,-0.0015553442713816868
Only UNet,U-Net,UNet,32,2,False,True,0.2,1,16,symmetry_x,74,37,34,0.918918918918919,0.05727238236702429
Only UNet,U-Net,UNet,32,2,False,True,0.2,1,16,symmetry_x,75,29,33,1.1379310344827587,0.022270360210433986
Only UNet,U-Net,UNet,32,2,False,True,0.2,1,16,symmetry_x,76,28,32,1.1428571428571428,0.05689620899306002
Only UNet,U-Net,UNet,32,2,False,True,0.2,1,16,symmetry_x,77,18,15,0.8333333333333334,-0.022305705501122902
Only UNet,U-Net,UNet,32,2,False,True,0.2,1,16,symmetry_x,78,37,39,1.054054054054054,-0.025059910274497225
Only UNet,U-Net,UNet,32,2,False,True,0.2,1,16,symmetry_x,79,24,15,0.625,0.057623460272823133
Only UNet,U-Net,UNet,32,2,False,True,0.2,1,16,symmetry_x,80,38,77,2.026315789473684,0.023506078978474555
Only UNet,U-Net,UNet,32,2,False,True,0.2,1,16,symmetry_x,81,25,12,0.48,-0.008139092964389312
Only UNet,U-Net,UNet,32,2,False,True,0.2,1,16,symmetry_x,82,29,23,0.7931034482758621,-0.029064291659367796
Only UNet,U-Net,UNet,32,2,False,True,0.2,1,16,symmetry_x,83,34,25,0.7352941176470589,0.05654933373682222
Only UNet,U-Net,UNet,32,2,False,True,0.2,1,16,symmetry_x,84,21,20,0.9523809523809523,-0.01814787952575168
Only UNet,U-Net,UNet,32,2,False,True,0.2,1,16,symmetry_x,85,22,7,0.3181818181818182,-0.0011015842960157762
Only UNet,U-Net,UNet,32,2,False,True,0.2,1,16,symmetry_x,86,41,37,0.9024390243902439,0.0378343731639961
Only UNet,U-Net,UNet,32,2,False,True,0.2,1,16,symmetry_x,87,28,18,0.6428571428571429,0.010544974622595352
Only UNet,U-Net,UNet,32,2,False,True,0.2,1,16,symmetry_x,88,35,53,1.5142857142857142,-0.020489265882321448
Only UNet,U-Net,UNet,32,2,False,True,0.2,1,16,symmetry_x,89,32,45,1.40625,0.0679418178571417
Only UNet,U-Net,UNet,32,2,False,True,0.2,1,16,symmetry_x,90,29,8,0.27586206896551724,0.03890787697192208
Only UNet,U-Net,UNet,32,2,False,True,0.2,1,16,symmetry_x,91,19,45,2.3684210526315788,0.022226806371774044
Only UNet,U-Net,UNet,32,2,False,True,0.2,1,16,symmetry_x,92,45,14,0.3111111111111111,0.006872166362718244
Only UNet,U-Net,UNet,32,2,False,True,0.2,1,16,symmetry_x,93,25,44,1.76,-0.0040561619829706085
Only UNet,U-Net,UNet,32,2,False,True,0.2,1,16,symmetry_x,94,32,36,1.125,0.059846673149860315
Only UNet,U-Net,UNet,32,2,False,True,0.2,1,16,symmetry_x,95,41,27,0.6585365853658537,0.05832354037660808
Only UNet,U-Net,UNet,32,2,False,True,0.2,1,16,symmetry_x,96,16,17,1.0625,-0.013606279428680024
Only UNet,U-Net,UNet,32,2,False,True,0.2,1,16,symmetry_x,97,26,14,0.5384615384615384,0.019839341469220888
Only UNet,U-Net,UNet,32,2,False,True,0.2,1,16,symmetry_x,98,25,22,0.88,-0.013788495665323903
Only UNet,U-Net,UNet,32,2,False,True,0.2,1,16,symmetry_x,99,61,37,0.6065573770491803,0.14441400662574497
