Strategy,Model,First step,NIF,N_conv,use cbam,use augmentation,probability of augmentation,dataset portion,batch size,seed,Input ID,Number of FEM iterations for the full-FEM strategy,Number of FEM iterations for the hybrid strategy,Ratio of FEM iterations (Hybrid / full-FEM),Relative compliance error
Only UNet,U-Net,UNet,32,2,False,True,0.2,1.0,16,10,0,33,11,0.3333333333333333,0.0225657775087538
Only UNet,U-Net,UNet,32,2,False,True,0.2,1.0,16,10,1,34,21,0.6176470588235294,-0.0205295189537738
Only UNet,U-Net,UNet,32,2,False,True,0.2,1.0,16,10,2,29,11,0.3793103448275862,0.1909807478192905
Only UNet,U-Net,UNet,32,2,False,True,0.2,1.0,16,10,3,28,12,0.4285714285714285,-0.0165351517782925
Only UNet,U-Net,UNet,32,2,False,True,0.2,1.0,16,10,4,36,17,0.4722222222222222,-0.007663726227876
Only UNet,U-Net,UNet,32,2,False,True,0.2,1.0,16,10,5,42,10,0.238095238095238,-0.016389316504303
Only UNet,U-Net,UNet,32,2,False,True,0.2,1.0,16,10,6,28,25,0.8928571428571429,-0.0039434287106892
Only UNet,U-Net,UNet,32,2,False,True,0.2,1.0,16,10,7,38,13,0.3421052631578947,0.0315006791240246
Only UNet,U-Net,UNet,32,2,False,True,0.2,1.0,16,10,8,33,13,0.3939393939393939,0.0185264078582231
Only UNet,U-Net,UNet,32,2,False,True,0.2,1.0,16,10,9,28,12,0.4285714285714285,0.0593803164255253
Only UNet,U-Net,UNet,32,2,False,True,0.2,1.0,16,10,10,31,31,1.0,-0.0588255190826013
Only UNet,U-Net,UNet,32,2,False,True,0.2,1.0,16,10,11,29,11,0.3793103448275862,-0.0204398076843005
Only UNet,U-Net,UNet,32,2,False,True,0.2,1.0,16,10,12,29,12,0.4137931034482758,0.0756390254749428
Only UNet,U-Net,UNet,32,2,False,True,0.2,1.0,16,10,13,28,22,0.7857142857142857,-0.0388562639228748
Only UNet,U-Net,UNet,32,2,False,True,0.2,1.0,16,10,14,29,11,0.3793103448275862,-0.0215289165559761
Only UNet,U-Net,UNet,32,2,False,True,0.2,1.0,16,10,15,42,8,0.1904761904761904,0.0054408130104415
Only UNet,U-Net,UNet,32,2,False,True,0.2,1.0,16,10,16,58,16,0.2758620689655172,0.0295556837263025
Only UNet,U-Net,UNet,32,2,False,True,0.2,1.0,16,10,17,35,13,0.3714285714285714,0.0231127469477828
Only UNet,U-Net,UNet,32,2,False,True,0.2,1.0,16,10,18,17,9,0.5294117647058824,-0.0164210347419145
Only UNet,U-Net,UNet,32,2,False,True,0.2,1.0,16,10,19,17,15,0.8823529411764706,0.0199185622796224
Only UNet,U-Net,UNet,32,2,False,True,0.2,1.0,16,10,20,27,27,1.0,0.0005477820805199
Only UNet,U-Net,UNet,32,2,False,True,0.2,1.0,16,10,21,40,75,1.875,-0.0163105768101667
Only UNet,U-Net,UNet,32,2,False,True,0.2,1.0,16,10,22,45,15,0.3333333333333333,-0.0171112161976342
Only UNet,U-Net,UNet,32,2,False,True,0.2,1.0,16,10,23,23,16,0.6956521739130435,-0.0216454521347122
Only UNet,U-Net,UNet,32,2,False,True,0.2,1.0,16,10,24,20,14,0.7,-0.0045999872173831
Only UNet,U-Net,UNet,32,2,False,True,0.2,1.0,16,10,25,18,12,0.6666666666666666,0.0174192095968058
Only UNet,U-Net,UNet,32,2,False,True,0.2,1.0,16,10,26,34,16,0.4705882352941176,-0.0080701950304541
Only UNet,U-Net,UNet,32,2,False,True,0.2,1.0,16,10,27,35,15,0.4285714285714285,0.0475938798154527
Only UNet,U-Net,UNet,32,2,False,True,0.2,1.0,16,10,28,33,17,0.5151515151515151,-0.004042200866913
Only UNet,U-Net,UNet,32,2,False,True,0.2,1.0,16,10,29,40,14,0.35,-0.0206046957744887
Only UNet,U-Net,UNet,32,2,False,True,0.2,1.0,16,10,30,19,12,0.631578947368421,0.0397746672643294
Only UNet,U-Net,UNet,32,2,False,True,0.2,1.0,16,10,31,37,13,0.3513513513513513,-0.0241334568572447
Only UNet,U-Net,UNet,32,2,False,True,0.2,1.0,16,10,32,37,12,0.3243243243243243,-0.0083353050282761
Only UNet,U-Net,UNet,32,2,False,True,0.2,1.0,16,10,33,31,15,0.4838709677419355,-0.0162761756961708
Only UNet,U-Net,UNet,32,2,False,True,0.2,1.0,16,10,34,25,12,0.48,0.0086767596086437
Only UNet,U-Net,UNet,32,2,False,True,0.2,1.0,16,10,35,25,62,2.48,0.0305276565500101
Only UNet,U-Net,UNet,32,2,False,True,0.2,1.0,16,10,36,26,14,0.5384615384615384,-0.0207798307277085
Only UNet,U-Net,UNet,32,2,False,True,0.2,1.0,16,10,37,27,52,1.9259259259259256,0.0609361309284309
Only UNet,U-Net,UNet,32,2,False,True,0.2,1.0,16,10,38,44,9,0.2045454545454545,-0.0189340359646128
Only UNet,U-Net,UNet,32,2,False,True,0.2,1.0,16,10,39,19,10,0.5263157894736842,-0.004715950028911
Only UNet,U-Net,UNet,32,2,False,True,0.2,1.0,16,10,40,41,28,0.6829268292682927,-0.0012603420044382
Only UNet,U-Net,UNet,32,2,False,True,0.2,1.0,16,10,41,32,30,0.9375,0.0205409701870894
Only UNet,U-Net,UNet,32,2,False,True,0.2,1.0,16,10,42,32,31,0.96875,0.0209037927071143
Only UNet,U-Net,UNet,32,2,False,True,0.2,1.0,16,10,43,28,13,0.4642857142857143,-0.0451930082624141
Only UNet,U-Net,UNet,32,2,False,True,0.2,1.0,16,10,44,41,20,0.4878048780487805,-0.0007425261502173
Only UNet,U-Net,UNet,32,2,False,True,0.2,1.0,16,10,45,30,14,0.4666666666666667,0.0004470228820037
Only UNet,U-Net,UNet,32,2,False,True,0.2,1.0,16,10,46,21,8,0.3809523809523809,-0.0302476990990209
Only UNet,U-Net,UNet,32,2,False,True,0.2,1.0,16,10,47,28,10,0.3571428571428571,0.0083882980570671
Only UNet,U-Net,UNet,32,2,False,True,0.2,1.0,16,10,48,17,74,4.352941176470588,0.0462295394206873
Only UNet,U-Net,UNet,32,2,False,True,0.2,1.0,16,10,49,20,10,0.5,0.0435806121572449
Only UNet,U-Net,UNet,32,2,False,True,0.2,1.0,16,10,50,34,0,0.0,-0.3249073797754896
Only UNet,U-Net,UNet,32,2,False,True,0.2,1.0,16,10,51,41,18,0.4390243902439024,0.0094429254190011
Only UNet,U-Net,UNet,32,2,False,True,0.2,1.0,16,10,52,46,24,0.5217391304347826,-0.0467401591645956
Only UNet,U-Net,UNet,32,2,False,True,0.2,1.0,16,10,53,18,6,0.3333333333333333,0.0091700488984667
Only UNet,U-Net,UNet,32,2,False,True,0.2,1.0,16,10,54,30,9,0.3,-0.0306857492753749
Only UNet,U-Net,UNet,32,2,False,True,0.2,1.0,16,10,55,40,17,0.425,0.0132670112629383
Only UNet,U-Net,UNet,32,2,False,True,0.2,1.0,16,10,56,29,15,0.5172413793103449,0.0085241072584269
Only UNet,U-Net,UNet,32,2,False,True,0.2,1.0,16,10,57,38,15,0.3947368421052631,0.020201496045607
Only UNet,U-Net,UNet,32,2,False,True,0.2,1.0,16,10,58,29,16,0.5517241379310345,0.0019280543663144
Only UNet,U-Net,UNet,32,2,False,True,0.2,1.0,16,10,59,25,22,0.88,0.0010525654798974
Only UNet,U-Net,UNet,32,2,False,True,0.2,1.0,16,10,60,35,29,0.8285714285714286,-0.0213646907751501
Only UNet,U-Net,UNet,32,2,False,True,0.2,1.0,16,10,61,18,12,0.6666666666666666,-0.0085705637924923
Only UNet,U-Net,UNet,32,2,False,True,0.2,1.0,16,10,62,24,10,0.4166666666666667,-0.0260597693823362
Only UNet,U-Net,UNet,32,2,False,True,0.2,1.0,16,10,63,15,7,0.4666666666666667,0.0175930579155735
Only UNet,U-Net,UNet,32,2,False,True,0.2,1.0,16,10,64,22,11,0.5,-0.0062696785826507
Only UNet,U-Net,UNet,32,2,False,True,0.2,1.0,16,10,65,20,10,0.5,-0.0198163750886407
Only UNet,U-Net,UNet,32,2,False,True,0.2,1.0,16,10,66,31,9,0.2903225806451613,0.0200108950883454
Only UNet,U-Net,UNet,32,2,False,True,0.2,1.0,16,10,67,46,11,0.2391304347826087,0.0259491702268561
Only UNet,U-Net,UNet,32,2,False,True,0.2,1.0,16,10,68,29,11,0.3793103448275862,0.0169851497127293
Only UNet,U-Net,UNet,32,2,False,True,0.2,1.0,16,10,69,50,22,0.44,0.0197560236272127
Only UNet,U-Net,UNet,32,2,False,True,0.2,1.0,16,10,70,31,26,0.8387096774193549,0.0119432766339928
Only UNet,U-Net,UNet,32,2,False,True,0.2,1.0,16,10,71,41,14,0.3414634146341463,0.0179216685024429
Only UNet,U-Net,UNet,32,2,False,True,0.2,1.0,16,10,72,38,25,0.6578947368421053,-0.0468202724381163
Only UNet,U-Net,UNet,32,2,False,True,0.2,1.0,16,10,73,44,16,0.3636363636363636,0.0331798949040349
Only UNet,U-Net,UNet,32,2,False,True,0.2,1.0,16,10,74,37,20,0.5405405405405406,-0.0044698972805888
Only UNet,U-Net,UNet,32,2,False,True,0.2,1.0,16,10,75,29,11,0.3793103448275862,0.0042477176280426
Only UNet,U-Net,UNet,32,2,False,True,0.2,1.0,16,10,76,28,21,0.75,-0.0001486184068261
Only UNet,U-Net,UNet,32,2,False,True,0.2,1.0,16,10,77,18,9,0.5,-0.0210269034371451
Only UNet,U-Net,UNet,32,2,False,True,0.2,1.0,16,10,78,37,30,0.8108108108108109,0.0050510897447141
Only UNet,U-Net,UNet,32,2,False,True,0.2,1.0,16,10,79,24,13,0.5416666666666666,0.0345631246509832
Only UNet,U-Net,UNet,32,2,False,True,0.2,1.0,16,10,80,38,10,0.2631578947368421,0.0853731330752372
Only UNet,U-Net,UNet,32,2,False,True,0.2,1.0,16,10,81,25,9,0.36,0.0092683014593461
Only UNet,U-Net,UNet,32,2,False,True,0.2,1.0,16,10,82,29,15,0.5172413793103449,-0.0281259797433508
Only UNet,U-Net,UNet,32,2,False,True,0.2,1.0,16,10,83,34,8,0.2352941176470588,-0.0126151705354827
Only UNet,U-Net,UNet,32,2,False,True,0.2,1.0,16,10,84,21,10,0.4761904761904761,-0.0003461027276995
Only UNet,U-Net,UNet,32,2,False,True,0.2,1.0,16,10,85,22,7,0.3181818181818182,0.0232047054550488
Only UNet,U-Net,UNet,32,2,False,True,0.2,1.0,16,10,86,41,19,0.4634146341463415,0.0167726805826187
Only UNet,U-Net,UNet,32,2,False,True,0.2,1.0,16,10,87,28,6,0.2142857142857142,0.07812907840854
Only UNet,U-Net,UNet,32,2,False,True,0.2,1.0,16,10,88,35,13,0.3714285714285714,-0.0148483216800545
Only UNet,U-Net,UNet,32,2,False,True,0.2,1.0,16,10,89,32,19,0.59375,-0.0204124259845213
Only UNet,U-Net,UNet,32,2,False,True,0.2,1.0,16,10,90,29,18,0.6206896551724138,0.0035924190520514
Only UNet,U-Net,UNet,32,2,False,True,0.2,1.0,16,10,91,19,17,0.8947368421052632,0.0197240642410894
Only UNet,U-Net,UNet,32,2,False,True,0.2,1.0,16,10,92,45,27,0.6,-0.036814160853257
Only UNet,U-Net,UNet,32,2,False,True,0.2,1.0,16,10,93,25,6,0.24,-0.0048038961001485
Only UNet,U-Net,UNet,32,2,False,True,0.2,1.0,16,10,94,32,14,0.4375,0.0843030600809923
Only UNet,U-Net,UNet,32,2,False,True,0.2,1.0,16,10,95,41,15,0.3658536585365853,0.0419553021527955
Only UNet,U-Net,UNet,32,2,False,True,0.2,1.0,16,10,96,16,20,1.25,-0.011392575401693
Only UNet,U-Net,UNet,32,2,False,True,0.2,1.0,16,10,97,26,5,0.1923076923076923,0.0290161976694085
Only UNet,U-Net,UNet,32,2,False,True,0.2,1.0,16,10,98,25,26,1.04,0.0020642727619685
Only UNet,U-Net,UNet,32,2,False,True,0.2,1.0,16,10,99,61,12,0.1967213114754098,-0.0114549775569653
Only UNet,U-Net,UNet,32,2,False,True,0.2,1.0,16,11,0,33,11,0.3333333333333333,0.0461873080237066
Only UNet,U-Net,UNet,32,2,False,True,0.2,1.0,16,11,1,34,31,0.9117647058823528,-0.0007669459449522
Only UNet,U-Net,UNet,32,2,False,True,0.2,1.0,16,11,2,29,8,0.2758620689655172,0.0063060091927302
Only UNet,U-Net,UNet,32,2,False,True,0.2,1.0,16,11,3,28,14,0.5,0.0513508267524457
Only UNet,U-Net,UNet,32,2,False,True,0.2,1.0,16,11,4,36,24,0.6666666666666666,0.0011201454134143
Only UNet,U-Net,UNet,32,2,False,True,0.2,1.0,16,11,5,42,6,0.1428571428571428,0.0271355135287676
Only UNet,U-Net,UNet,32,2,False,True,0.2,1.0,16,11,6,28,13,0.4642857142857143,-0.0011198955993993
Only UNet,U-Net,UNet,32,2,False,True,0.2,1.0,16,11,7,38,9,0.2368421052631578,0.0032277814681548
Only UNet,U-Net,UNet,32,2,False,True,0.2,1.0,16,11,8,33,6,0.1818181818181818,0.0049865838083531
Only UNet,U-Net,UNet,32,2,False,True,0.2,1.0,16,11,9,28,15,0.5357142857142857,0.0457721194471483
Only UNet,U-Net,UNet,32,2,False,True,0.2,1.0,16,11,10,31,25,0.8064516129032258,-0.0360028809641806
Only UNet,U-Net,UNet,32,2,False,True,0.2,1.0,16,11,11,29,13,0.4482758620689655,-0.0007479430850565
Only UNet,U-Net,UNet,32,2,False,True,0.2,1.0,16,11,12,29,9,0.3103448275862069,0.0563947378803039
Only UNet,U-Net,UNet,32,2,False,True,0.2,1.0,16,11,13,28,23,0.8214285714285714,-0.0405662590501418
Only UNet,U-Net,UNet,32,2,False,True,0.2,1.0,16,11,14,29,5,0.1724137931034483,0.0072788238288074
Only UNet,U-Net,UNet,32,2,False,True,0.2,1.0,16,11,15,42,8,0.1904761904761904,0.0208577246880786
Only UNet,U-Net,UNet,32,2,False,True,0.2,1.0,16,11,16,58,13,0.2241379310344827,0.0024416969419529
Only UNet,U-Net,UNet,32,2,False,True,0.2,1.0,16,11,17,35,27,0.7714285714285715,-0.0020374993618056
Only UNet,U-Net,UNet,32,2,False,True,0.2,1.0,16,11,18,17,11,0.6470588235294118,-0.0203466047932746
Only UNet,U-Net,UNet,32,2,False,True,0.2,1.0,16,11,19,17,12,0.7058823529411765,0.0092298489468753
Only UNet,U-Net,UNet,32,2,False,True,0.2,1.0,16,11,20,27,7,0.2592592592592592,0.0304865703962943
Only UNet,U-Net,UNet,32,2,False,True,0.2,1.0,16,11,21,40,37,0.925,-0.0100011320188408
Only UNet,U-Net,UNet,32,2,False,True,0.2,1.0,16,11,22,45,21,0.4666666666666667,0.0209335707841578
Only UNet,U-Net,UNet,32,2,False,True,0.2,1.0,16,11,23,23,13,0.5652173913043478,0.0559164972450573
Only UNet,U-Net,UNet,32,2,False,True,0.2,1.0,16,11,24,20,9,0.45,-0.0082555016050311
Only UNet,U-Net,UNet,32,2,False,True,0.2,1.0,16,11,25,18,10,0.5555555555555556,0.0044291594979935
Only UNet,U-Net,UNet,32,2,False,True,0.2,1.0,16,11,26,34,5,0.1470588235294117,0.0240270112567451
Only UNet,U-Net,UNet,32,2,False,True,0.2,1.0,16,11,27,35,50,1.4285714285714286,0.0882845906448929
Only UNet,U-Net,UNet,32,2,False,True,0.2,1.0,16,11,28,33,9,0.2727272727272727,0.0371829683381349
Only UNet,U-Net,UNet,32,2,False,True,0.2,1.0,16,11,29,40,35,0.875,-0.0371347626360563
Only UNet,U-Net,UNet,32,2,False,True,0.2,1.0,16,11,30,19,20,1.0526315789473684,0.0086132627284086
Only UNet,U-Net,UNet,32,2,False,True,0.2,1.0,16,11,31,37,10,0.2702702702702703,-0.0146080755549326
Only UNet,U-Net,UNet,32,2,False,True,0.2,1.0,16,11,32,37,18,0.4864864864864865,-0.0363893224511073
Only UNet,U-Net,UNet,32,2,False,True,0.2,1.0,16,11,33,31,19,0.6129032258064516,-0.014244906879813
Only UNet,U-Net,UNet,32,2,False,True,0.2,1.0,16,11,34,25,20,0.8,0.0538252795336752
Only UNet,U-Net,UNet,32,2,False,True,0.2,1.0,16,11,35,25,37,1.48,-0.0068225560040683
Only UNet,U-Net,UNet,32,2,False,True,0.2,1.0,16,11,36,26,16,0.6153846153846154,-0.0358602949897446
Only UNet,U-Net,UNet,32,2,False,True,0.2,1.0,16,11,37,27,11,0.4074074074074074,0.0133727883681418
Only UNet,U-Net,UNet,32,2,False,True,0.2,1.0,16,11,38,44,24,0.5454545454545454,-0.0222105426599756
Only UNet,U-Net,UNet,32,2,False,True,0.2,1.0,16,11,39,19,14,0.7368421052631579,-0.0126103693287828
Only UNet,U-Net,UNet,32,2,False,True,0.2,1.0,16,11,40,41,17,0.4146341463414634,0.0112812661169153
Only UNet,U-Net,UNet,32,2,False,True,0.2,1.0,16,11,41,32,20,0.625,-0.0058612525723976
Only UNet,U-Net,UNet,32,2,False,True,0.2,1.0,16,11,42,32,30,0.9375,0.0117821175228182
Only UNet,U-Net,UNet,32,2,False,True,0.2,1.0,16,11,43,28,16,0.5714285714285714,0.0127616064981831
Only UNet,U-Net,UNet,32,2,False,True,0.2,1.0,16,11,44,41,15,0.3658536585365853,0.0118554451234571
Only UNet,U-Net,UNet,32,2,False,True,0.2,1.0,16,11,45,30,7,0.2333333333333333,0.0147410888479043
Only UNet,U-Net,UNet,32,2,False,True,0.2,1.0,16,11,46,21,14,0.6666666666666666,-0.0285876255952429
Only UNet,U-Net,UNet,32,2,False,True,0.2,1.0,16,11,47,28,12,0.4285714285714285,-0.0045737061584533
Only UNet,U-Net,UNet,32,2,False,True,0.2,1.0,16,11,48,17,9,0.5294117647058824,0.0314491323782993
Only UNet,U-Net,UNet,32,2,False,True,0.2,1.0,16,11,49,20,5,0.25,0.0015830223070054
Only UNet,U-Net,UNet,32,2,False,True,0.2,1.0,16,11,50,34,11,0.3235294117647059,0.0236601311149924
Only UNet,U-Net,UNet,32,2,False,True,0.2,1.0,16,11,51,41,12,0.2926829268292683,-0.0080677303499669
Only UNet,U-Net,UNet,32,2,False,True,0.2,1.0,16,11,52,46,23,0.5,0.0809745155013297
Only UNet,U-Net,UNet,32,2,False,True,0.2,1.0,16,11,53,18,6,0.3333333333333333,0.0119178471379177
Only UNet,U-Net,UNet,32,2,False,True,0.2,1.0,16,11,54,30,27,0.9,-0.0278214350130769
Only UNet,U-Net,UNet,32,2,False,True,0.2,1.0,16,11,55,40,15,0.375,0.1323203505826615
Only UNet,U-Net,UNet,32,2,False,True,0.2,1.0,16,11,56,29,20,0.6896551724137931,0.0272833980658237
Only UNet,U-Net,UNet,32,2,False,True,0.2,1.0,16,11,57,38,7,0.1842105263157894,0.0034906925271092
Only UNet,U-Net,UNet,32,2,False,True,0.2,1.0,16,11,58,29,18,0.6206896551724138,-0.008736575923923
Only UNet,U-Net,UNet,32,2,False,True,0.2,1.0,16,11,59,25,12,0.48,0.0172165187516815
Only UNet,U-Net,UNet,32,2,False,True,0.2,1.0,16,11,60,35,15,0.4285714285714285,-0.0014461178766305
Only UNet,U-Net,UNet,32,2,False,True,0.2,1.0,16,11,61,18,11,0.6111111111111112,0.0029054507994419
Only UNet,U-Net,UNet,32,2,False,True,0.2,1.0,16,11,62,24,14,0.5833333333333334,-0.0241176622990676
Only UNet,U-Net,UNet,32,2,False,True,0.2,1.0,16,11,63,15,13,0.8666666666666667,0.0060984397712158
Only UNet,U-Net,UNet,32,2,False,True,0.2,1.0,16,11,64,22,12,0.5454545454545454,-0.0101774894204934
Only UNet,U-Net,UNet,32,2,False,True,0.2,1.0,16,11,65,20,9,0.45,0.0013652920724467
Only UNet,U-Net,UNet,32,2,False,True,0.2,1.0,16,11,66,31,8,0.2580645161290322,0.0268097997787768
Only UNet,U-Net,UNet,32,2,False,True,0.2,1.0,16,11,67,46,10,0.217391304347826,0.0173944211257799
Only UNet,U-Net,UNet,32,2,False,True,0.2,1.0,16,11,68,29,29,1.0,0.0037164546134929
Only UNet,U-Net,UNet,32,2,False,True,0.2,1.0,16,11,69,50,7,0.14,0.0332082039866882
Only UNet,U-Net,UNet,32,2,False,True,0.2,1.0,16,11,70,31,26,0.8387096774193549,0.0175183000806466
Only UNet,U-Net,UNet,32,2,False,True,0.2,1.0,16,11,71,41,21,0.5121951219512195,-0.0668955946605966
Only UNet,U-Net,UNet,32,2,False,True,0.2,1.0,16,11,72,38,11,0.2894736842105263,-0.0061382998525898
Only UNet,U-Net,UNet,32,2,False,True,0.2,1.0,16,11,73,44,21,0.4772727272727273,0.0075601111896606
Only UNet,U-Net,UNet,32,2,False,True,0.2,1.0,16,11,74,37,34,0.918918918918919,0.0533696539231453
Only UNet,U-Net,UNet,32,2,False,True,0.2,1.0,16,11,75,29,27,0.9310344827586208,0.0050356233239015
Only UNet,U-Net,UNet,32,2,False,True,0.2,1.0,16,11,76,28,19,0.6785714285714286,0.0190813879699532
Only UNet,U-Net,UNet,32,2,False,True,0.2,1.0,16,11,77,18,7,0.3888888888888889,-0.0049453329883489
Only UNet,U-Net,UNet,32,2,False,True,0.2,1.0,16,11,78,37,15,0.4054054054054054,-0.0242411713262618
Only UNet,U-Net,UNet,32,2,False,True,0.2,1.0,16,11,79,24,18,0.75,0.0094371179632845
Only UNet,U-Net,UNet,32,2,False,True,0.2,1.0,16,11,80,38,6,0.1578947368421052,0.0515342815814165
Only UNet,U-Net,UNet,32,2,False,True,0.2,1.0,16,11,81,25,8,0.32,0.0201751423149553
Only UNet,U-Net,UNet,32,2,False,True,0.2,1.0,16,11,82,29,11,0.3793103448275862,-0.0029877388572257
Only UNet,U-Net,UNet,32,2,False,True,0.2,1.0,16,11,83,34,12,0.3529411764705882,-0.0001384837654996
Only UNet,U-Net,UNet,32,2,False,True,0.2,1.0,16,11,84,21,11,0.5238095238095238,-0.0001900010211009
Only UNet,U-Net,UNet,32,2,False,True,0.2,1.0,16,11,85,22,7,0.3181818181818182,0.0042540478381156
Only UNet,U-Net,UNet,32,2,False,True,0.2,1.0,16,11,86,41,12,0.2926829268292683,0.0022564521341201
Only UNet,U-Net,UNet,32,2,False,True,0.2,1.0,16,11,87,28,3,0.1071428571428571,-0.0210001094359825
Only UNet,U-Net,UNet,32,2,False,True,0.2,1.0,16,11,88,35,16,0.4571428571428571,-0.002587735108676
Only UNet,U-Net,UNet,32,2,False,True,0.2,1.0,16,11,89,32,29,0.90625,-0.0439419912532038
Only UNet,U-Net,UNet,32,2,False,True,0.2,1.0,16,11,90,29,12,0.4137931034482758,0.004315886208311
Only UNet,U-Net,UNet,32,2,False,True,0.2,1.0,16,11,91,19,14,0.7368421052631579,0.0269835254096841
Only UNet,U-Net,UNet,32,2,False,True,0.2,1.0,16,11,92,45,23,0.5111111111111111,0.0346128487253733
Only UNet,U-Net,UNet,32,2,False,True,0.2,1.0,16,11,93,25,8,0.32,-0.0005792405670532
Only UNet,U-Net,UNet,32,2,False,True,0.2,1.0,16,11,94,32,8,0.25,0.0848124732840094
Only UNet,U-Net,UNet,32,2,False,True,0.2,1.0,16,11,95,41,14,0.3414634146341463,-0.0115915213312096
Only UNet,U-Net,UNet,32,2,False,True,0.2,1.0,16,11,96,16,11,0.6875,-0.0199631992409704
Only UNet,U-Net,UNet,32,2,False,True,0.2,1.0,16,11,97,26,7,0.2692307692307692,-0.0026991262741425
Only UNet,U-Net,UNet,32,2,False,True,0.2,1.0,16,11,98,25,10,0.4,0.0018285499588675
Only UNet,U-Net,UNet,32,2,False,True,0.2,1.0,16,11,99,61,19,0.3114754098360656,-0.0116744918692079
Only UNet,U-Net,UNet,32,2,False,True,0.2,1.0,16,12,0,33,18,0.5454545454545454,0.0607036482248829
Only UNet,U-Net,UNet,32,2,False,True,0.2,1.0,16,12,1,34,23,0.6764705882352942,0.0083954967666198
Only UNet,U-Net,UNet,32,2,False,True,0.2,1.0,16,12,2,29,18,0.6206896551724138,-0.0031246836940645
Only UNet,U-Net,UNet,32,2,False,True,0.2,1.0,16,12,3,28,37,1.3214285714285714,0.0103335698142909
Only UNet,U-Net,UNet,32,2,False,True,0.2,1.0,16,12,4,36,23,0.6388888888888888,-0.0258165434244142
Only UNet,U-Net,UNet,32,2,False,True,0.2,1.0,16,12,5,42,7,0.1666666666666666,-0.0188399958426788
Only UNet,U-Net,UNet,32,2,False,True,0.2,1.0,16,12,6,28,11,0.3928571428571428,0.0019062543401981
Only UNet,U-Net,UNet,32,2,False,True,0.2,1.0,16,12,7,38,10,0.2631578947368421,0.0218395051558617
Only UNet,U-Net,UNet,32,2,False,True,0.2,1.0,16,12,8,33,17,0.5151515151515151,0.0103302253777189
Only UNet,U-Net,UNet,32,2,False,True,0.2,1.0,16,12,9,28,16,0.5714285714285714,0.0005838516812969
Only UNet,U-Net,UNet,32,2,False,True,0.2,1.0,16,12,10,31,24,0.7741935483870968,-0.0664000821209416
Only UNet,U-Net,UNet,32,2,False,True,0.2,1.0,16,12,11,29,23,0.7931034482758621,0.0252287395748882
Only UNet,U-Net,UNet,32,2,False,True,0.2,1.0,16,12,12,29,11,0.3793103448275862,0.0772179841691682
Only UNet,U-Net,UNet,32,2,False,True,0.2,1.0,16,12,13,28,22,0.7857142857142857,-0.0237286029564384
Only UNet,U-Net,UNet,32,2,False,True,0.2,1.0,16,12,14,29,9,0.3103448275862069,-0.0165185424696146
Only UNet,U-Net,UNet,32,2,False,True,0.2,1.0,16,12,15,42,6,0.1428571428571428,0.0030902951987422
Only UNet,U-Net,UNet,32,2,False,True,0.2,1.0,16,12,16,58,21,0.3620689655172414,0.0373147719017553
Only UNet,U-Net,UNet,32,2,False,True,0.2,1.0,16,12,17,35,11,0.3142857142857143,0.0167546832769747
Only UNet,U-Net,UNet,32,2,False,True,0.2,1.0,16,12,18,17,7,0.4117647058823529,-0.023787663101095
Only UNet,U-Net,UNet,32,2,False,True,0.2,1.0,16,12,19,17,15,0.8823529411764706,0.008488986476277
Only UNet,U-Net,UNet,32,2,False,True,0.2,1.0,16,12,20,27,33,1.2222222222222223,-0.0098424036457564
Only UNet,U-Net,UNet,32,2,False,True,0.2,1.0,16,12,21,40,17,0.425,0.060668720687169
Only UNet,U-Net,UNet,32,2,False,True,0.2,1.0,16,12,22,45,25,0.5555555555555556,0.0733225563750068
Only UNet,U-Net,UNet,32,2,False,True,0.2,1.0,16,12,23,23,21,0.9130434782608696,-0.0037615280355932
Only UNet,U-Net,UNet,32,2,False,True,0.2,1.0,16,12,24,20,13,0.65,0.0101503583011828
Only UNet,U-Net,UNet,32,2,False,True,0.2,1.0,16,12,25,18,0,0.0,0.0961984373575392
Only UNet,U-Net,UNet,32,2,False,True,0.2,1.0,16,12,26,34,7,0.2058823529411764,0.0321802501820326
Only UNet,U-Net,UNet,32,2,False,True,0.2,1.0,16,12,27,35,27,0.7714285714285715,0.0427868293288387
Only UNet,U-Net,UNet,32,2,False,True,0.2,1.0,16,12,28,33,25,0.7575757575757576,-0.0035370982957209
Only UNet,U-Net,UNet,32,2,False,True,0.2,1.0,16,12,29,40,19,0.475,-0.0257595047779394
Only UNet,U-Net,UNet,32,2,False,True,0.2,1.0,16,12,30,19,6,0.3157894736842105,0.0459878470340249
Only UNet,U-Net,UNet,32,2,False,True,0.2,1.0,16,12,31,37,13,0.3513513513513513,-0.0009306213236949
Only UNet,U-Net,UNet,32,2,False,True,0.2,1.0,16,12,32,37,14,0.3783783783783784,-0.0514942187841938
Only UNet,U-Net,UNet,32,2,False,True,0.2,1.0,16,12,33,31,13,0.4193548387096774,-0.0195248439119722
Only UNet,U-Net,UNet,32,2,False,True,0.2,1.0,16,12,34,25,12,0.48,0.0653769379424859
Only UNet,U-Net,UNet,32,2,False,True,0.2,1.0,16,12,35,25,19,0.76,-0.0252572863891176
Only UNet,U-Net,UNet,32,2,False,True,0.2,1.0,16,12,36,26,22,0.8461538461538461,-0.011010109185161
Only UNet,U-Net,UNet,32,2,False,True,0.2,1.0,16,12,37,27,25,0.925925925925926,-0.0035539146675334
Only UNet,U-Net,UNet,32,2,False,True,0.2,1.0,16,12,38,44,18,0.4090909090909091,-0.0060673178709211
Only UNet,U-Net,UNet,32,2,False,True,0.2,1.0,16,12,39,19,11,0.5789473684210527,-0.0085424587555773
Only UNet,U-Net,UNet,32,2,False,True,0.2,1.0,16,12,40,41,16,0.3902439024390244,-0.000299679112254
Only UNet,U-Net,UNet,32,2,False,True,0.2,1.0,16,12,41,32,10,0.3125,0.0135563547722164
Only UNet,U-Net,UNet,32,2,False,True,0.2,1.0,16,12,42,32,33,1.03125,0.0142600764002049
Only UNet,U-Net,UNet,32,2,False,True,0.2,1.0,16,12,43,28,8,0.2857142857142857,-0.0433088971621601
Only UNet,U-Net,UNet,32,2,False,True,0.2,1.0,16,12,44,41,13,0.3170731707317073,-0.0393446401288392
Only UNet,U-Net,UNet,32,2,False,True,0.2,1.0,16,12,45,30,17,0.5666666666666667,-0.0278402139054088
Only UNet,U-Net,UNet,32,2,False,True,0.2,1.0,16,12,46,21,12,0.5714285714285714,-0.0113219544248618
Only UNet,U-Net,UNet,32,2,False,True,0.2,1.0,16,12,47,28,9,0.3214285714285714,-0.0001630642399373
Only UNet,U-Net,UNet,32,2,False,True,0.2,1.0,16,12,48,17,7,0.4117647058823529,0.0047806176238221
Only UNet,U-Net,UNet,32,2,False,True,0.2,1.0,16,12,49,20,9,0.45,0.0024922126863094
Only UNet,U-Net,UNet,32,2,False,True,0.2,1.0,16,12,50,34,13,0.3823529411764705,0.0190581544426148
Only UNet,U-Net,UNet,32,2,False,True,0.2,1.0,16,12,51,41,13,0.3170731707317073,-0.013867584526215
Only UNet,U-Net,UNet,32,2,False,True,0.2,1.0,16,12,52,46,17,0.3695652173913043,0.0688258948801886
Only UNet,U-Net,UNet,32,2,False,True,0.2,1.0,16,12,53,18,17,0.9444444444444444,0.003569431612485
Only UNet,U-Net,UNet,32,2,False,True,0.2,1.0,16,12,54,30,12,0.4,-0.0584667666010309
Only UNet,U-Net,UNet,32,2,False,True,0.2,1.0,16,12,55,40,19,0.475,-0.0092408519497214
Only UNet,U-Net,UNet,32,2,False,True,0.2,1.0,16,12,56,29,16,0.5517241379310345,0.0374221059511817
Only UNet,U-Net,UNet,32,2,False,True,0.2,1.0,16,12,57,38,15,0.3947368421052631,0.0276088209079855
Only UNet,U-Net,UNet,32,2,False,True,0.2,1.0,16,12,58,29,28,0.9655172413793104,0.0131714143756697
Only UNet,U-Net,UNet,32,2,False,True,0.2,1.0,16,12,59,25,8,0.32,0.0407684210130216
Only UNet,U-Net,UNet,32,2,False,True,0.2,1.0,16,12,60,35,19,0.5428571428571428,-0.0152952385008934
Only UNet,U-Net,UNet,32,2,False,True,0.2,1.0,16,12,61,18,15,0.8333333333333334,0.0006642627745438
Only UNet,U-Net,UNet,32,2,False,True,0.2,1.0,16,12,62,24,11,0.4583333333333333,-0.0144441974213037
Only UNet,U-Net,UNet,32,2,False,True,0.2,1.0,16,12,63,15,12,0.8,-0.0074403006197982
Only UNet,U-Net,UNet,32,2,False,True,0.2,1.0,16,12,64,22,14,0.6363636363636364,-0.0191510936312251
Only UNet,U-Net,UNet,32,2,False,True,0.2,1.0,16,12,65,20,8,0.4,-0.0119414037670049
Only UNet,U-Net,UNet,32,2,False,True,0.2,1.0,16,12,66,31,10,0.3225806451612903,0.024872284443671
Only UNet,U-Net,UNet,32,2,False,True,0.2,1.0,16,12,67,46,12,0.2608695652173913,0.0547739435646724
Only UNet,U-Net,UNet,32,2,False,True,0.2,1.0,16,12,68,29,18,0.6206896551724138,0.003267400833957
Only UNet,U-Net,UNet,32,2,False,True,0.2,1.0,16,12,69,50,14,0.28,0.0247300444222107
Only UNet,U-Net,UNet,32,2,False,True,0.2,1.0,16,12,70,31,27,0.8709677419354839,0.0140983301499474
Only UNet,U-Net,UNet,32,2,False,True,0.2,1.0,16,12,71,41,14,0.3414634146341463,-0.0064221563941746
Only UNet,U-Net,UNet,32,2,False,True,0.2,1.0,16,12,72,38,28,0.7368421052631579,-0.0485797313559826
Only UNet,U-Net,UNet,32,2,False,True,0.2,1.0,16,12,73,44,15,0.3409090909090909,-0.0098600862725521
Only UNet,U-Net,UNet,32,2,False,True,0.2,1.0,16,12,74,37,10,0.2702702702702703,-0.0026949855856257
Only UNet,U-Net,UNet,32,2,False,True,0.2,1.0,16,12,75,29,10,0.3448275862068966,0.0141228087881908
Only UNet,U-Net,UNet,32,2,False,True,0.2,1.0,16,12,76,28,21,0.75,0.0100474882771016
Only UNet,U-Net,UNet,32,2,False,True,0.2,1.0,16,12,77,18,8,0.4444444444444444,-0.0061808202430678
Only UNet,U-Net,UNet,32,2,False,True,0.2,1.0,16,12,78,37,9,0.2432432432432432,-0.0290071808801652
Only UNet,U-Net,UNet,32,2,False,True,0.2,1.0,16,12,79,24,10,0.4166666666666667,0.0108397395396588
Only UNet,U-Net,UNet,32,2,False,True,0.2,1.0,16,12,80,38,14,0.3684210526315789,0.0656249646955065
Only UNet,U-Net,UNet,32,2,False,True,0.2,1.0,16,12,81,25,15,0.6,0.0173782739024299
Only UNet,U-Net,UNet,32,2,False,True,0.2,1.0,16,12,82,29,13,0.4482758620689655,-0.0122166290007554
Only UNet,U-Net,UNet,32,2,False,True,0.2,1.0,16,12,83,34,10,0.2941176470588235,0.0031242368574595
Only UNet,U-Net,UNet,32,2,False,True,0.2,1.0,16,12,84,21,9,0.4285714285714285,-0.0017545213597107
Only UNet,U-Net,UNet,32,2,False,True,0.2,1.0,16,12,85,22,7,0.3181818181818182,0.0283771458881135
Only UNet,U-Net,UNet,32,2,False,True,0.2,1.0,16,12,86,41,26,0.6341463414634146,0.0554788939493862
Only UNet,U-Net,UNet,32,2,False,True,0.2,1.0,16,12,87,28,9,0.3214285714285714,-0.0100567273194646
Only UNet,U-Net,UNet,32,2,False,True,0.2,1.0,16,12,88,35,14,0.4,-0.016952676479935
Only UNet,U-Net,UNet,32,2,False,True,0.2,1.0,16,12,89,32,16,0.5,-0.0105270172739356
Only UNet,U-Net,UNet,32,2,False,True,0.2,1.0,16,12,90,29,36,1.2413793103448276,-0.0078826535243537
Only UNet,U-Net,UNet,32,2,False,True,0.2,1.0,16,12,91,19,27,1.4210526315789471,0.0371988617159305
Only UNet,U-Net,UNet,32,2,False,True,0.2,1.0,16,12,92,45,36,0.8,-0.0331100651094419
Only UNet,U-Net,UNet,32,2,False,True,0.2,1.0,16,12,93,25,12,0.48,-0.0004301723384969
Only UNet,U-Net,UNet,32,2,False,True,0.2,1.0,16,12,94,32,7,0.21875,0.1031393879838015
Only UNet,U-Net,UNet,32,2,False,True,0.2,1.0,16,12,95,41,26,0.6341463414634146,0.0113525894409836
Only UNet,U-Net,UNet,32,2,False,True,0.2,1.0,16,12,96,16,16,1.0,-0.0054238245051718
Only UNet,U-Net,UNet,32,2,False,True,0.2,1.0,16,12,97,26,9,0.3461538461538461,-0.0106358072176326
Only UNet,U-Net,UNet,32,2,False,True,0.2,1.0,16,12,98,25,10,0.4,-0.0026601775096553
Only UNet,U-Net,UNet,32,2,False,True,0.2,1.0,16,12,99,61,13,0.2131147540983606,0.0037228574214226
Only UNet,U-Net,UNet,32,2,False,True,0.2,1.0,16,13,0,33,13,0.3939393939393939,0.0458890365059353
Only UNet,U-Net,UNet,32,2,False,True,0.2,1.0,16,13,1,34,37,1.088235294117647,-0.0084134442463359
Only UNet,U-Net,UNet,32,2,False,True,0.2,1.0,16,13,2,29,13,0.4482758620689655,0.0065459827554193
Only UNet,U-Net,UNet,32,2,False,True,0.2,1.0,16,13,3,28,18,0.6428571428571429,-0.0077762015809353
Only UNet,U-Net,UNet,32,2,False,True,0.2,1.0,16,13,4,36,15,0.4166666666666667,0.0061457305529707
Only UNet,U-Net,UNet,32,2,False,True,0.2,1.0,16,13,5,42,8,0.1904761904761904,-0.0065579122689126
Only UNet,U-Net,UNet,32,2,False,True,0.2,1.0,16,13,6,28,10,0.3571428571428571,0.0042575738914642
Only UNet,U-Net,UNet,32,2,False,True,0.2,1.0,16,13,7,38,12,0.3157894736842105,0.0159237695879218
Only UNet,U-Net,UNet,32,2,False,True,0.2,1.0,16,13,8,33,12,0.3636363636363636,-0.0010084344516453
Only UNet,U-Net,UNet,32,2,False,True,0.2,1.0,16,13,9,28,10,0.3571428571428571,0.0522777019455334
Only UNet,U-Net,UNet,32,2,False,True,0.2,1.0,16,13,10,31,16,0.5161290322580645,-0.0496671830076963
Only UNet,U-Net,UNet,32,2,False,True,0.2,1.0,16,13,11,29,20,0.6896551724137931,-0.0091810251889127
Only UNet,U-Net,UNet,32,2,False,True,0.2,1.0,16,13,12,29,8,0.2758620689655172,0.0189563809298372
Only UNet,U-Net,UNet,32,2,False,True,0.2,1.0,16,13,13,28,31,1.1071428571428572,-0.0437631538409972
Only UNet,U-Net,UNet,32,2,False,True,0.2,1.0,16,13,14,29,20,0.6896551724137931,-0.0080023564450221
Only UNet,U-Net,UNet,32,2,False,True,0.2,1.0,16,13,15,42,10,0.238095238095238,0.000930350161056
Only UNet,U-Net,UNet,32,2,False,True,0.2,1.0,16,13,16,58,34,0.5862068965517241,0.0344388881330856
Only UNet,U-Net,UNet,32,2,False,True,0.2,1.0,16,13,17,35,20,0.5714285714285714,0.0013467793262646
Only UNet,U-Net,UNet,32,2,False,True,0.2,1.0,16,13,18,17,8,0.4705882352941176,-0.0143567351884294
Only UNet,U-Net,UNet,32,2,False,True,0.2,1.0,16,13,19,17,14,0.8235294117647058,0.0654281125272735
Only UNet,U-Net,UNet,32,2,False,True,0.2,1.0,16,13,20,27,17,0.6296296296296297,-0.0065566636430704
Only UNet,U-Net,UNet,32,2,False,True,0.2,1.0,16,13,21,40,47,1.175,-0.0277495359826926
Only UNet,U-Net,UNet,32,2,False,True,0.2,1.0,16,13,22,45,21,0.4666666666666667,-0.015531788114267
Only UNet,U-Net,UNet,32,2,False,True,0.2,1.0,16,13,23,23,29,1.2608695652173914,0.0337391349185303
Only UNet,U-Net,UNet,32,2,False,True,0.2,1.0,16,13,24,20,15,0.75,-0.0037852801147923
Only UNet,U-Net,UNet,32,2,False,True,0.2,1.0,16,13,25,18,9,0.5,-0.0015688441276874
Only UNet,U-Net,UNet,32,2,False,True,0.2,1.0,16,13,26,34,5,0.1470588235294117,0.0481174464731417
Only UNet,U-Net,UNet,32,2,False,True,0.2,1.0,16,13,27,35,16,0.4571428571428571,0.0915415545448832
Only UNet,U-Net,UNet,32,2,False,True,0.2,1.0,16,13,28,33,20,0.6060606060606061,-0.0025314653883962
Only UNet,U-Net,UNet,32,2,False,True,0.2,1.0,16,13,29,40,39,0.975,0.0047770989717949
Only UNet,U-Net,UNet,32,2,False,True,0.2,1.0,16,13,30,19,6,0.3157894736842105,0.0380598129590521
Only UNet,U-Net,UNet,32,2,False,True,0.2,1.0,16,13,31,37,14,0.3783783783783784,0.0195289226208235
Only UNet,U-Net,UNet,32,2,False,True,0.2,1.0,16,13,32,37,20,0.5405405405405406,-0.0210914311950646
Only UNet,U-Net,UNet,32,2,False,True,0.2,1.0,16,13,33,31,15,0.4838709677419355,-0.0080286235775125
Only UNet,U-Net,UNet,32,2,False,True,0.2,1.0,16,13,34,25,13,0.52,0.0639875760146504
Only UNet,U-Net,UNet,32,2,False,True,0.2,1.0,16,13,35,25,14,0.56,-0.0282318665363738
Only UNet,U-Net,UNet,32,2,False,True,0.2,1.0,16,13,36,26,22,0.8461538461538461,-0.0399296151165633
Only UNet,U-Net,UNet,32,2,False,True,0.2,1.0,16,13,37,27,4,0.1481481481481481,0.0155878121319053
Only UNet,U-Net,UNet,32,2,False,True,0.2,1.0,16,13,38,44,8,0.1818181818181818,-0.0049078504260031
Only UNet,U-Net,UNet,32,2,False,True,0.2,1.0,16,13,39,19,7,0.3684210526315789,-0.0069495971637201
Only UNet,U-Net,UNet,32,2,False,True,0.2,1.0,16,13,40,41,17,0.4146341463414634,0.0298862822134855
Only UNet,U-Net,UNet,32,2,False,True,0.2,1.0,16,13,41,32,5,0.15625,0.0412150468949374
Only UNet,U-Net,UNet,32,2,False,True,0.2,1.0,16,13,42,32,26,0.8125,0.0364266130271681
Only UNet,U-Net,UNet,32,2,False,True,0.2,1.0,16,13,43,28,11,0.3928571428571428,-0.0224307918709754
Only UNet,U-Net,UNet,32,2,False,True,0.2,1.0,16,13,44,41,22,0.5365853658536586,-0.035470731554111
Only UNet,U-Net,UNet,32,2,False,True,0.2,1.0,16,13,45,30,17,0.5666666666666667,-0.0104802386767269
Only UNet,U-Net,UNet,32,2,False,True,0.2,1.0,16,13,46,21,20,0.9523809523809524,-0.0024364619995139
Only UNet,U-Net,UNet,32,2,False,True,0.2,1.0,16,13,47,28,8,0.2857142857142857,0.0008331663688019
Only UNet,U-Net,UNet,32,2,False,True,0.2,1.0,16,13,48,17,9,0.5294117647058824,-0.0025454161817269
Only UNet,U-Net,UNet,32,2,False,True,0.2,1.0,16,13,49,20,15,0.75,0.0315422408699115
Only UNet,U-Net,UNet,32,2,False,True,0.2,1.0,16,13,50,34,4,0.1176470588235294,0.0310526439369036
Only UNet,U-Net,UNet,32,2,False,True,0.2,1.0,16,13,51,41,8,0.1951219512195122,0.0080273694997494
Only UNet,U-Net,UNet,32,2,False,True,0.2,1.0,16,13,52,46,28,0.6086956521739131,-0.0086633742101354
Only UNet,U-Net,UNet,32,2,False,True,0.2,1.0,16,13,53,18,6,0.3333333333333333,0.0054260302665399
Only UNet,U-Net,UNet,32,2,False,True,0.2,1.0,16,13,54,30,20,0.6666666666666666,-0.0262172801460307
Only UNet,U-Net,UNet,32,2,False,True,0.2,1.0,16,13,55,40,15,0.375,0.0046083812364849
Only UNet,U-Net,UNet,32,2,False,True,0.2,1.0,16,13,56,29,42,1.4482758620689655,0.0234362701865276
Only UNet,U-Net,UNet,32,2,False,True,0.2,1.0,16,13,57,38,12,0.3157894736842105,-0.0081086990334824
Only UNet,U-Net,UNet,32,2,False,True,0.2,1.0,16,13,58,29,17,0.5862068965517241,0.0016121966333385
Only UNet,U-Net,UNet,32,2,False,True,0.2,1.0,16,13,59,25,11,0.44,0.0266978395067535
Only UNet,U-Net,UNet,32,2,False,True,0.2,1.0,16,13,60,35,23,0.6571428571428571,0.0218058764708227
Only UNet,U-Net,UNet,32,2,False,True,0.2,1.0,16,13,61,18,7,0.3888888888888889,-0.0046762447917128
Only UNet,U-Net,UNet,32,2,False,True,0.2,1.0,16,13,62,24,26,1.0833333333333333,-0.0256815884459528
Only UNet,U-Net,UNet,32,2,False,True,0.2,1.0,16,13,63,15,11,0.7333333333333333,0.0095307927076531
Only UNet,U-Net,UNet,32,2,False,True,0.2,1.0,16,13,64,22,16,0.7272727272727273,-0.0140305488752416
Only UNet,U-Net,UNet,32,2,False,True,0.2,1.0,16,13,65,20,11,0.55,0.0092130995602064
Only UNet,U-Net,UNet,32,2,False,True,0.2,1.0,16,13,66,31,8,0.2580645161290322,0.0032141446221231
Only UNet,U-Net,UNet,32,2,False,True,0.2,1.0,16,13,67,46,10,0.217391304347826,0.028591492162365
Only UNet,U-Net,UNet,32,2,False,True,0.2,1.0,16,13,68,29,19,0.6551724137931034,0.0019652574181095
Only UNet,U-Net,UNet,32,2,False,True,0.2,1.0,16,13,69,50,8,0.16,0.0437391699451718
Only UNet,U-Net,UNet,32,2,False,True,0.2,1.0,16,13,70,31,41,1.3225806451612905,0.0102524702439814
Only UNet,U-Net,UNet,32,2,False,True,0.2,1.0,16,13,71,41,14,0.3414634146341463,-0.016281584225474
Only UNet,U-Net,UNet,32,2,False,True,0.2,1.0,16,13,72,38,24,0.631578947368421,-0.0514639007830017
Only UNet,U-Net,UNet,32,2,False,True,0.2,1.0,16,13,73,44,14,0.3181818181818182,0.0237470505680652
Only UNet,U-Net,UNet,32,2,False,True,0.2,1.0,16,13,74,37,13,0.3513513513513513,0.0002596606299751
Only UNet,U-Net,UNet,32,2,False,True,0.2,1.0,16,13,75,29,23,0.7931034482758621,0.0595078380584334
Only UNet,U-Net,UNet,32,2,False,True,0.2,1.0,16,13,76,28,17,0.6071428571428571,0.0124880345607961
Only UNet,U-Net,UNet,32,2,False,True,0.2,1.0,16,13,77,18,8,0.4444444444444444,-0.0122422540431159
Only UNet,U-Net,UNet,32,2,False,True,0.2,1.0,16,13,78,37,20,0.5405405405405406,-0.0223770826598908
Only UNet,U-Net,UNet,32,2,False,True,0.2,1.0,16,13,79,24,11,0.4583333333333333,0.0074445197056037
Only UNet,U-Net,UNet,32,2,False,True,0.2,1.0,16,13,80,38,6,0.1578947368421052,0.0430105807605373
Only UNet,U-Net,UNet,32,2,False,True,0.2,1.0,16,13,81,25,11,0.44,0.0941409882095275
Only UNet,U-Net,UNet,32,2,False,True,0.2,1.0,16,13,82,29,7,0.2413793103448276,-0.0116995646937244
Only UNet,U-Net,UNet,32,2,False,True,0.2,1.0,16,13,83,34,22,0.6470588235294118,-0.0013254566785062
Only UNet,U-Net,UNet,32,2,False,True,0.2,1.0,16,13,84,21,19,0.9047619047619048,-0.0127494394506209
Only UNet,U-Net,UNet,32,2,False,True,0.2,1.0,16,13,85,22,6,0.2727272727272727,0.0120273659403978
Only UNet,U-Net,UNet,32,2,False,True,0.2,1.0,16,13,86,41,30,0.7317073170731707,0.0273549038072018
Only UNet,U-Net,UNet,32,2,False,True,0.2,1.0,16,13,87,28,18,0.6428571428571429,-0.0081112307614388
Only UNet,U-Net,UNet,32,2,False,True,0.2,1.0,16,13,88,35,14,0.4,-0.0070743544725023
Only UNet,U-Net,UNet,32,2,False,True,0.2,1.0,16,13,89,32,20,0.625,-0.0285745495773093
Only UNet,U-Net,UNet,32,2,False,True,0.2,1.0,16,13,90,29,29,1.0,0.0197594072964268
Only UNet,U-Net,UNet,32,2,False,True,0.2,1.0,16,13,91,19,15,0.7894736842105263,0.0302696337647328
Only UNet,U-Net,UNet,32,2,False,True,0.2,1.0,16,13,92,45,19,0.4222222222222222,-0.0374533656898945
Only UNet,U-Net,UNet,32,2,False,True,0.2,1.0,16,13,93,25,12,0.48,-0.0037092510771376
Only UNet,U-Net,UNet,32,2,False,True,0.2,1.0,16,13,94,32,21,0.65625,0.0146510662271142
Only UNet,U-Net,UNet,32,2,False,True,0.2,1.0,16,13,95,41,22,0.5365853658536586,-0.0115828772275744
Only UNet,U-Net,UNet,32,2,False,True,0.2,1.0,16,13,96,16,21,1.3125,-0.0157433482287277
Only UNet,U-Net,UNet,32,2,False,True,0.2,1.0,16,13,97,26,13,0.5,0.0105657674956667
Only UNet,U-Net,UNet,32,2,False,True,0.2,1.0,16,13,98,25,5,0.2,0.0104843162742586
Only UNet,U-Net,UNet,32,2,False,True,0.2,1.0,16,13,99,61,14,0.2295081967213114,0.0009995799772998
Only UNet,U-Net,UNet,32,2,False,True,0.2,1.0,16,14,0,33,12,0.3636363636363636,0.0591125152846915
Only UNet,U-Net,UNet,32,2,False,True,0.2,1.0,16,14,1,34,18,0.5294117647058824,0.0018273004854248
Only UNet,U-Net,UNet,32,2,False,True,0.2,1.0,16,14,2,29,12,0.4137931034482758,0.0058722301654812
Only UNet,U-Net,UNet,32,2,False,True,0.2,1.0,16,14,3,28,17,0.6071428571428571,-0.0134431041113844
Only UNet,U-Net,UNet,32,2,False,True,0.2,1.0,16,14,4,36,10,0.2777777777777778,-0.013728973442439
Only UNet,U-Net,UNet,32,2,False,True,0.2,1.0,16,14,5,42,10,0.238095238095238,-0.0070974988567936
Only UNet,U-Net,UNet,32,2,False,True,0.2,1.0,16,14,6,28,10,0.3571428571428571,0.0362605507760601
Only UNet,U-Net,UNet,32,2,False,True,0.2,1.0,16,14,7,38,14,0.3684210526315789,-0.0024219738801052
Only UNet,U-Net,UNet,32,2,False,True,0.2,1.0,16,14,8,33,17,0.5151515151515151,0.000459585005696
Only UNet,U-Net,UNet,32,2,False,True,0.2,1.0,16,14,9,28,22,0.7857142857142857,0.0132826079382882
Only UNet,U-Net,UNet,32,2,False,True,0.2,1.0,16,14,10,31,11,0.3548387096774194,-0.0502704690233245
Only UNet,U-Net,UNet,32,2,False,True,0.2,1.0,16,14,11,29,21,0.7241379310344828,0.0080985562221194
Only UNet,U-Net,UNet,32,2,False,True,0.2,1.0,16,14,12,29,29,1.0,0.1375588635083906
Only UNet,U-Net,UNet,32,2,False,True,0.2,1.0,16,14,13,28,31,1.1071428571428572,-0.0304807707242271
Only UNet,U-Net,UNet,32,2,False,True,0.2,1.0,16,14,14,29,27,0.9310344827586208,-0.0122285583109077
Only UNet,U-Net,UNet,32,2,False,True,0.2,1.0,16,14,15,42,9,0.2142857142857142,0.017712732721937
Only UNet,U-Net,UNet,32,2,False,True,0.2,1.0,16,14,16,58,15,0.2586206896551724,0.0304569316605282
Only UNet,U-Net,UNet,32,2,False,True,0.2,1.0,16,14,17,35,24,0.6857142857142857,0.0059393725656729
Only UNet,U-Net,UNet,32,2,False,True,0.2,1.0,16,14,18,17,10,0.5882352941176471,-0.007045825679756
Only UNet,U-Net,UNet,32,2,False,True,0.2,1.0,16,14,19,17,32,1.8823529411764703,0.0645640236422259
Only UNet,U-Net,UNet,32,2,False,True,0.2,1.0,16,14,20,27,15,0.5555555555555556,-0.0077485341590703
Only UNet,U-Net,UNet,32,2,False,True,0.2,1.0,16,14,21,40,20,0.5,0.0282506391489753
Only UNet,U-Net,UNet,32,2,False,True,0.2,1.0,16,14,22,45,21,0.4666666666666667,-0.02512361640736
Only UNet,U-Net,UNet,32,2,False,True,0.2,1.0,16,14,23,23,9,0.391304347826087,-0.0036961902236365
Only UNet,U-Net,UNet,32,2,False,True,0.2,1.0,16,14,24,20,10,0.5,-0.0087798290306527
Only UNet,U-Net,UNet,32,2,False,True,0.2,1.0,16,14,25,18,10,0.5555555555555556,0.0003616652319453
Only UNet,U-Net,UNet,32,2,False,True,0.2,1.0,16,14,26,34,36,1.0588235294117647,-0.0063354608218939
Only UNet,U-Net,UNet,32,2,False,True,0.2,1.0,16,14,27,35,27,0.7714285714285715,0.1091024285836216
Only UNet,U-Net,UNet,32,2,False,True,0.2,1.0,16,14,28,33,20,0.6060606060606061,0.0103403252584499
Only UNet,U-Net,UNet,32,2,False,True,0.2,1.0,16,14,29,40,10,0.25,-0.0154359348651069
Only UNet,U-Net,UNet,32,2,False,True,0.2,1.0,16,14,30,19,5,0.2631578947368421,0.0362760792540937
Only UNet,U-Net,UNet,32,2,False,True,0.2,1.0,16,14,31,37,15,0.4054054054054054,-0.0081729184091515
Only UNet,U-Net,UNet,32,2,False,True,0.2,1.0,16,14,32,37,13,0.3513513513513513,0.0265030727007084
Only UNet,U-Net,UNet,32,2,False,True,0.2,1.0,16,14,33,31,14,0.4516129032258064,-0.0116696281563558
Only UNet,U-Net,UNet,32,2,False,True,0.2,1.0,16,14,34,25,14,0.56,0.0658450650673354
Only UNet,U-Net,UNet,32,2,False,True,0.2,1.0,16,14,35,25,22,0.88,-0.028066439536922
Only UNet,U-Net,UNet,32,2,False,True,0.2,1.0,16,14,36,26,20,0.7692307692307693,-0.0124718726448417
Only UNet,U-Net,UNet,32,2,False,True,0.2,1.0,16,14,37,27,18,0.6666666666666666,0.0104260612725496
Only UNet,U-Net,UNet,32,2,False,True,0.2,1.0,16,14,38,44,9,0.2045454545454545,0.0306634198582169
Only UNet,U-Net,UNet,32,2,False,True,0.2,1.0,16,14,39,19,8,0.4210526315789473,-0.0019513025307088
Only UNet,U-Net,UNet,32,2,False,True,0.2,1.0,16,14,40,41,23,0.5609756097560976,-0.0016294119890778
Only UNet,U-Net,UNet,32,2,False,True,0.2,1.0,16,14,41,32,13,0.40625,0.0119780415682884
Only UNet,U-Net,UNet,32,2,False,True,0.2,1.0,16,14,42,32,16,0.5,0.0101211710997542
Only UNet,U-Net,UNet,32,2,False,True,0.2,1.0,16,14,43,28,14,0.5,-0.0023032487636545
Only UNet,U-Net,UNet,32,2,False,True,0.2,1.0,16,14,44,41,6,0.1463414634146341,-0.0196370047962995
Only UNet,U-Net,UNet,32,2,False,True,0.2,1.0,16,14,45,30,18,0.6,-0.0176894559451003
Only UNet,U-Net,UNet,32,2,False,True,0.2,1.0,16,14,46,21,12,0.5714285714285714,-0.0129541648378561
Only UNet,U-Net,UNet,32,2,False,True,0.2,1.0,16,14,47,28,20,0.7142857142857143,0.0075902877399948
Only UNet,U-Net,UNet,32,2,False,True,0.2,1.0,16,14,48,17,57,3.3529411764705883,0.0862974241699922
Only UNet,U-Net,UNet,32,2,False,True,0.2,1.0,16,14,49,20,7,0.35,0.0051073340985938
Only UNet,U-Net,UNet,32,2,False,True,0.2,1.0,16,14,50,34,6,0.1764705882352941,0.034664100517118
Only UNet,U-Net,UNet,32,2,False,True,0.2,1.0,16,14,51,41,16,0.3902439024390244,-0.0018456007783186
Only UNet,U-Net,UNet,32,2,False,True,0.2,1.0,16,14,52,46,26,0.5652173913043478,0.0428889715614182
Only UNet,U-Net,UNet,32,2,False,True,0.2,1.0,16,14,53,18,7,0.3888888888888889,0.018234674096732
Only UNet,U-Net,UNet,32,2,False,True,0.2,1.0,16,14,54,30,9,0.3,-0.0210009947736547
Only UNet,U-Net,UNet,32,2,False,True,0.2,1.0,16,14,55,40,13,0.325,-0.0089849459355655
Only UNet,U-Net,UNet,32,2,False,True,0.2,1.0,16,14,56,29,21,0.7241379310344828,0.0426299426693368
Only UNet,U-Net,UNet,32,2,False,True,0.2,1.0,16,14,57,38,16,0.4210526315789473,0.006495632421934
Only UNet,U-Net,UNet,32,2,False,True,0.2,1.0,16,14,58,29,15,0.5172413793103449,0.0028944321186473
Only UNet,U-Net,UNet,32,2,False,True,0.2,1.0,16,14,59,25,9,0.36,0.0215300263970393
Only UNet,U-Net,UNet,32,2,False,True,0.2,1.0,16,14,60,35,17,0.4857142857142857,-0.0186169756554826
Only UNet,U-Net,UNet,32,2,False,True,0.2,1.0,16,14,61,18,30,1.6666666666666667,0.0501134355768751
Only UNet,U-Net,UNet,32,2,False,True,0.2,1.0,16,14,62,24,20,0.8333333333333334,-0.0195659736285103
Only UNet,U-Net,UNet,32,2,False,True,0.2,1.0,16,14,63,15,19,1.2666666666666666,0.0274359071221032
Only UNet,U-Net,UNet,32,2,False,True,0.2,1.0,16,14,64,22,20,0.9090909090909092,-0.0146450732373488
Only UNet,U-Net,UNet,32,2,False,True,0.2,1.0,16,14,65,20,19,0.95,0.0072576943676539
Only UNet,U-Net,UNet,32,2,False,True,0.2,1.0,16,14,66,31,10,0.3225806451612903,0.0083083819904984
Only UNet,U-Net,UNet,32,2,False,True,0.2,1.0,16,14,67,46,6,0.1304347826086956,0.0441489303777351
Only UNet,U-Net,UNet,32,2,False,True,0.2,1.0,16,14,68,29,15,0.5172413793103449,0.0074318963237238
Only UNet,U-Net,UNet,32,2,False,True,0.2,1.0,16,14,69,50,11,0.22,0.0440629162764453
Only UNet,U-Net,UNet,32,2,False,True,0.2,1.0,16,14,70,31,19,0.6129032258064516,0.0121780571784344
Only UNet,U-Net,UNet,32,2,False,True,0.2,1.0,16,14,71,41,8,0.1951219512195122,-0.0697638743665699
Only UNet,U-Net,UNet,32,2,False,True,0.2,1.0,16,14,72,38,15,0.3947368421052631,-0.047524506645379
Only UNet,U-Net,UNet,32,2,False,True,0.2,1.0,16,14,73,44,16,0.3636363636363636,0.0085686455661959
Only UNet,U-Net,UNet,32,2,False,True,0.2,1.0,16,14,74,37,16,0.4324324324324324,-0.003153738815483
Only UNet,U-Net,UNet,32,2,False,True,0.2,1.0,16,14,75,29,10,0.3448275862068966,0.0399667530452632
Only UNet,U-Net,UNet,32,2,False,True,0.2,1.0,16,14,76,28,12,0.4285714285714285,0.0343744982747557
Only UNet,U-Net,UNet,32,2,False,True,0.2,1.0,16,14,77,18,5,0.2777777777777778,-0.0166077100225121
Only UNet,U-Net,UNet,32,2,False,True,0.2,1.0,16,14,78,37,45,1.2162162162162162,-0.0013408708769661
Only UNet,U-Net,UNet,32,2,False,True,0.2,1.0,16,14,79,24,10,0.4166666666666667,0.0180646644800857
Only UNet,U-Net,UNet,32,2,False,True,0.2,1.0,16,14,80,38,5,0.131578947368421,0.0995314773474332
Only UNet,U-Net,UNet,32,2,False,True,0.2,1.0,16,14,81,25,8,0.32,0.1172222472621609
Only UNet,U-Net,UNet,32,2,False,True,0.2,1.0,16,14,82,29,9,0.3103448275862069,-0.0035268999295145
Only UNet,U-Net,UNet,32,2,False,True,0.2,1.0,16,14,83,34,14,0.4117647058823529,-0.0048951047443783
Only UNet,U-Net,UNet,32,2,False,True,0.2,1.0,16,14,84,21,10,0.4761904761904761,0.007153476621992
Only UNet,U-Net,UNet,32,2,False,True,0.2,1.0,16,14,85,22,16,0.7272727272727273,0.0061805768538396
Only UNet,U-Net,UNet,32,2,False,True,0.2,1.0,16,14,86,41,19,0.4634146341463415,0.0092732159074673
Only UNet,U-Net,UNet,32,2,False,True,0.2,1.0,16,14,87,28,6,0.2142857142857142,0.0631676162285421
Only UNet,U-Net,UNet,32,2,False,True,0.2,1.0,16,14,88,35,20,0.5714285714285714,-0.0089008899442968
Only UNet,U-Net,UNet,32,2,False,True,0.2,1.0,16,14,89,32,17,0.53125,-0.0320145419772133
Only UNet,U-Net,UNet,32,2,False,True,0.2,1.0,16,14,90,29,8,0.2758620689655172,0.0121578938587024
Only UNet,U-Net,UNet,32,2,False,True,0.2,1.0,16,14,91,19,37,1.947368421052632,0.0222145076703337
Only UNet,U-Net,UNet,32,2,False,True,0.2,1.0,16,14,92,45,40,0.8888888888888888,-0.0259391683230706
Only UNet,U-Net,UNet,32,2,False,True,0.2,1.0,16,14,93,25,8,0.32,-0.0068080825384728
Only UNet,U-Net,UNet,32,2,False,True,0.2,1.0,16,14,94,32,14,0.4375,0.1006396886979722
Only UNet,U-Net,UNet,32,2,False,True,0.2,1.0,16,14,95,41,13,0.3170731707317073,-0.011039702441878
Only UNet,U-Net,UNet,32,2,False,True,0.2,1.0,16,14,96,16,26,1.625,-0.0054127294361216
Only UNet,U-Net,UNet,32,2,False,True,0.2,1.0,16,14,97,26,6,0.2307692307692307,-0.0157570487307267
Only UNet,U-Net,UNet,32,2,False,True,0.2,1.0,16,14,98,25,13,0.52,0.0033447808675848
Only UNet,U-Net,UNet,32,2,False,True,0.2,1.0,16,14,99,61,16,0.2622950819672131,0.0177526029271591
Only UNet,U-Net,UNet,32,2,False,True,0.2,1.0,16,15,0,33,14,0.4242424242424242,0.0484251961477953
Only UNet,U-Net,UNet,32,2,False,True,0.2,1.0,16,15,1,34,22,0.6470588235294118,-0.0115956704575328
Only UNet,U-Net,UNet,32,2,False,True,0.2,1.0,16,15,2,29,10,0.3448275862068966,0.0004068825490286
Only UNet,U-Net,UNet,32,2,False,True,0.2,1.0,16,15,3,28,17,0.6071428571428571,-0.0159644704590641
Only UNet,U-Net,UNet,32,2,False,True,0.2,1.0,16,15,4,36,11,0.3055555555555556,-0.0334263857718243
Only UNet,U-Net,UNet,32,2,False,True,0.2,1.0,16,15,5,42,18,0.4285714285714285,0.0066099357015416
Only UNet,U-Net,UNet,32,2,False,True,0.2,1.0,16,15,6,28,13,0.4642857142857143,0.0078008002997848
Only UNet,U-Net,UNet,32,2,False,True,0.2,1.0,16,15,7,38,17,0.4473684210526316,0.0262736574321706
Only UNet,U-Net,UNet,32,2,False,True,0.2,1.0,16,15,8,33,25,0.7575757575757576,-0.0030823910783536
Only UNet,U-Net,UNet,32,2,False,True,0.2,1.0,16,15,9,28,16,0.5714285714285714,0.0096590940260538
Only UNet,U-Net,UNet,32,2,False,True,0.2,1.0,16,15,10,31,25,0.8064516129032258,-0.0278713932204787
Only UNet,U-Net,UNet,32,2,False,True,0.2,1.0,16,15,11,29,29,1.0,0.0016474756539761
Only UNet,U-Net,UNet,32,2,False,True,0.2,1.0,16,15,12,29,13,0.4482758620689655,0.0323876617065306
Only UNet,U-Net,UNet,32,2,False,True,0.2,1.0,16,15,13,28,12,0.4285714285714285,-0.0164815639973677
Only UNet,U-Net,UNet,32,2,False,True,0.2,1.0,16,15,14,29,9,0.3103448275862069,-0.0194767409262546
Only UNet,U-Net,UNet,32,2,False,True,0.2,1.0,16,15,15,42,10,0.238095238095238,0.0130318295498636
Only UNet,U-Net,UNet,32,2,False,True,0.2,1.0,16,15,16,58,32,0.5517241379310345,0.0143917348563251
Only UNet,U-Net,UNet,32,2,False,True,0.2,1.0,16,15,17,35,12,0.3428571428571428,-0.0066255483904539
Only UNet,U-Net,UNet,32,2,False,True,0.2,1.0,16,15,18,17,16,0.9411764705882352,0.0139125683650728
Only UNet,U-Net,UNet,32,2,False,True,0.2,1.0,16,15,19,17,9,0.5294117647058824,0.0151394027639815
Only UNet,U-Net,UNet,32,2,False,True,0.2,1.0,16,15,20,27,16,0.5925925925925926,0.0085761338247709
Only UNet,U-Net,UNet,32,2,False,True,0.2,1.0,16,15,21,40,46,1.15,0.0295848659354599
Only UNet,U-Net,UNet,32,2,False,True,0.2,1.0,16,15,22,45,15,0.3333333333333333,-0.0068517531003319
Only UNet,U-Net,UNet,32,2,False,True,0.2,1.0,16,15,23,23,11,0.4782608695652174,-0.0306309850025044
Only UNet,U-Net,UNet,32,2,False,True,0.2,1.0,16,15,24,20,16,0.8,0.0031255530051895
Only UNet,U-Net,UNet,32,2,False,True,0.2,1.0,16,15,25,18,11,0.6111111111111112,0.0207750662793905
Only UNet,U-Net,UNet,32,2,False,True,0.2,1.0,16,15,26,34,7,0.2058823529411764,0.0382867327271662
Only UNet,U-Net,UNet,32,2,False,True,0.2,1.0,16,15,27,35,18,0.5142857142857142,0.0163651688853414
Only UNet,U-Net,UNet,32,2,False,True,0.2,1.0,16,15,28,33,21,0.6363636363636364,-0.0108972752498446
Only UNet,U-Net,UNet,32,2,False,True,0.2,1.0,16,15,29,40,10,0.25,-0.0180409910358163
Only UNet,U-Net,UNet,32,2,False,True,0.2,1.0,16,15,30,19,7,0.3684210526315789,0.0246998644638508
Only UNet,U-Net,UNet,32,2,False,True,0.2,1.0,16,15,31,37,19,0.5135135135135135,-0.0395563272863603
Only UNet,U-Net,UNet,32,2,False,True,0.2,1.0,16,15,32,37,23,0.6216216216216216,-0.0249790714269819
Only UNet,U-Net,UNet,32,2,False,True,0.2,1.0,16,15,33,31,11,0.3548387096774194,-0.0154377735965463
Only UNet,U-Net,UNet,32,2,False,True,0.2,1.0,16,15,34,25,9,0.36,0.0589912750267052
Only UNet,U-Net,UNet,32,2,False,True,0.2,1.0,16,15,35,25,25,1.0,-0.0371016633913646
Only UNet,U-Net,UNet,32,2,False,True,0.2,1.0,16,15,36,26,10,0.3846153846153846,-0.0214913588914939
Only UNet,U-Net,UNet,32,2,False,True,0.2,1.0,16,15,37,27,12,0.4444444444444444,0.002565739506903
Only UNet,U-Net,UNet,32,2,False,True,0.2,1.0,16,15,38,44,9,0.2045454545454545,0.0215372201408483
Only UNet,U-Net,UNet,32,2,False,True,0.2,1.0,16,15,39,19,8,0.4210526315789473,-0.0046040026253584
Only UNet,U-Net,UNet,32,2,False,True,0.2,1.0,16,15,40,41,17,0.4146341463414634,0.010867716396709
Only UNet,U-Net,UNet,32,2,False,True,0.2,1.0,16,15,41,32,18,0.5625,-0.0193177247733641
Only UNet,U-Net,UNet,32,2,False,True,0.2,1.0,16,15,42,32,20,0.625,0.0255877199038457
Only UNet,U-Net,UNet,32,2,False,True,0.2,1.0,16,15,43,28,10,0.3571428571428571,-0.0468214396497507
Only UNet,U-Net,UNet,32,2,False,True,0.2,1.0,16,15,44,41,10,0.2439024390243902,-0.0318052831450471
Only UNet,U-Net,UNet,32,2,False,True,0.2,1.0,16,15,45,30,10,0.3333333333333333,0.0193779246213398
Only UNet,U-Net,UNet,32,2,False,True,0.2,1.0,16,15,46,21,10,0.4761904761904761,0.0001977807189867
Only UNet,U-Net,UNet,32,2,False,True,0.2,1.0,16,15,47,28,10,0.3571428571428571,0.0079470842649954
Only UNet,U-Net,UNet,32,2,False,True,0.2,1.0,16,15,48,17,25,1.4705882352941178,0.0464758463618809
Only UNet,U-Net,UNet,32,2,False,True,0.2,1.0,16,15,49,20,16,0.8,0.0201824668536331
Only UNet,U-Net,UNet,32,2,False,True,0.2,1.0,16,15,50,34,27,0.7941176470588235,-0.0029816592514942
Only UNet,U-Net,UNet,32,2,False,True,0.2,1.0,16,15,51,41,21,0.5121951219512195,-0.0122394278284429
Only UNet,U-Net,UNet,32,2,False,True,0.2,1.0,16,15,52,46,47,1.0217391304347827,-0.0273810495200767
Only UNet,U-Net,UNet,32,2,False,True,0.2,1.0,16,15,53,18,5,0.2777777777777778,0.0038345352866218
Only UNet,U-Net,UNet,32,2,False,True,0.2,1.0,16,15,54,30,14,0.4666666666666667,-0.0345726132242756
Only UNet,U-Net,UNet,32,2,False,True,0.2,1.0,16,15,55,40,22,0.55,-0.0100465984836782
Only UNet,U-Net,UNet,32,2,False,True,0.2,1.0,16,15,56,29,10,0.3448275862068966,0.0671361279653202
Only UNet,U-Net,UNet,32,2,False,True,0.2,1.0,16,15,57,38,14,0.3684210526315789,-0.0021472199690785
Only UNet,U-Net,UNet,32,2,False,True,0.2,1.0,16,15,58,29,8,0.2758620689655172,-0.0147385584331419
Only UNet,U-Net,UNet,32,2,False,True,0.2,1.0,16,15,59,25,7,0.28,-0.0097125065145936
Only UNet,U-Net,UNet,32,2,False,True,0.2,1.0,16,15,60,35,21,0.6,0.0358630769752196
Only UNet,U-Net,UNet,32,2,False,True,0.2,1.0,16,15,61,18,36,2.0,0.0539607925842711
Only UNet,U-Net,UNet,32,2,False,True,0.2,1.0,16,15,62,24,9,0.375,-0.0104449826613308
Only UNet,U-Net,UNet,32,2,False,True,0.2,1.0,16,15,63,15,12,0.8,0.0043118581290538
Only UNet,U-Net,UNet,32,2,False,True,0.2,1.0,16,15,64,22,15,0.6818181818181818,-0.0145659879062121
Only UNet,U-Net,UNet,32,2,False,True,0.2,1.0,16,15,65,20,18,0.9,-0.0002928091925019
Only UNet,U-Net,UNet,32,2,False,True,0.2,1.0,16,15,66,31,17,0.5483870967741935,0.0166607372873288
Only UNet,U-Net,UNet,32,2,False,True,0.2,1.0,16,15,67,46,6,0.1304347826086956,0.0215101918861029
Only UNet,U-Net,UNet,32,2,False,True,0.2,1.0,16,15,68,29,11,0.3793103448275862,-0.0120363294636677
Only UNet,U-Net,UNet,32,2,False,True,0.2,1.0,16,15,69,50,16,0.32,0.0543581659502106
Only UNet,U-Net,UNet,32,2,False,True,0.2,1.0,16,15,70,31,13,0.4193548387096774,0.0089317089096124
Only UNet,U-Net,UNet,32,2,False,True,0.2,1.0,16,15,71,41,12,0.2926829268292683,-0.0124906567424193
Only UNet,U-Net,UNet,32,2,False,True,0.2,1.0,16,15,72,38,10,0.2631578947368421,-0.0264593344176316
Only UNet,U-Net,UNet,32,2,False,True,0.2,1.0,16,15,73,44,18,0.4090909090909091,0.0341821306113402
Only UNet,U-Net,UNet,32,2,False,True,0.2,1.0,16,15,74,37,8,0.2162162162162162,0.0032323955636193
Only UNet,U-Net,UNet,32,2,False,True,0.2,1.0,16,15,75,29,24,0.8275862068965517,0.0234292325375498
Only UNet,U-Net,UNet,32,2,False,True,0.2,1.0,16,15,76,28,15,0.5357142857142857,0.0274126375148438
Only UNet,U-Net,UNet,32,2,False,True,0.2,1.0,16,15,77,18,11,0.6111111111111112,-0.0117121213854214
Only UNet,U-Net,UNet,32,2,False,True,0.2,1.0,16,15,78,37,27,0.7297297297297297,-0.0146197775322062
Only UNet,U-Net,UNet,32,2,False,True,0.2,1.0,16,15,79,24,9,0.375,0.0269303719004506
Only UNet,U-Net,UNet,32,2,False,True,0.2,1.0,16,15,80,38,9,0.2368421052631578,0.051420442917596
Only UNet,U-Net,UNet,32,2,False,True,0.2,1.0,16,15,81,25,14,0.56,-0.0122647474573797
Only UNet,U-Net,UNet,32,2,False,True,0.2,1.0,16,15,82,29,11,0.3793103448275862,-0.0223213196316309
Only UNet,U-Net,UNet,32,2,False,True,0.2,1.0,16,15,83,34,18,0.5294117647058824,0.0091710738990325
Only UNet,U-Net,UNet,32,2,False,True,0.2,1.0,16,15,84,21,18,0.8571428571428571,-0.0140503900430397
Only UNet,U-Net,UNet,32,2,False,True,0.2,1.0,16,15,85,22,6,0.2727272727272727,-0.0019456842426986
Only UNet,U-Net,UNet,32,2,False,True,0.2,1.0,16,15,86,41,18,0.4390243902439024,0.0219090913301602
Only UNet,U-Net,UNet,32,2,False,True,0.2,1.0,16,15,87,28,8,0.2857142857142857,0.0604917299465766
Only UNet,U-Net,UNet,32,2,False,True,0.2,1.0,16,15,88,35,11,0.3142857142857143,0.0043890389422752
Only UNet,U-Net,UNet,32,2,False,True,0.2,1.0,16,15,89,32,23,0.71875,-0.020429787157412
Only UNet,U-Net,UNet,32,2,False,True,0.2,1.0,16,15,90,29,10,0.3448275862068966,0.029014685949618
Only UNet,U-Net,UNet,32,2,False,True,0.2,1.0,16,15,91,19,18,0.9473684210526316,0.017979393133225
Only UNet,U-Net,UNet,32,2,False,True,0.2,1.0,16,15,92,45,29,0.6444444444444445,-0.0227848881292145
Only UNet,U-Net,UNet,32,2,False,True,0.2,1.0,16,15,93,25,7,0.28,0.0007368953507956
Only UNet,U-Net,UNet,32,2,False,True,0.2,1.0,16,15,94,32,11,0.34375,-0.0059232196871621
Only UNet,U-Net,UNet,32,2,False,True,0.2,1.0,16,15,95,41,16,0.3902439024390244,0.0059399029407536
Only UNet,U-Net,UNet,32,2,False,True,0.2,1.0,16,15,96,16,21,1.3125,-0.0117092603725819
Only UNet,U-Net,UNet,32,2,False,True,0.2,1.0,16,15,97,26,13,0.5,0.0118331716779825
Only UNet,U-Net,UNet,32,2,False,True,0.2,1.0,16,15,98,25,16,0.64,0.0009858350817994
Only UNet,U-Net,UNet,32,2,False,True,0.2,1.0,16,15,99,61,16,0.2622950819672131,0.0526383472908947
Only UNet,U-Net,UNet,32,2,False,True,0.2,1.0,16,16,0,33,21,0.6363636363636364,0.0053403337234035
Only UNet,U-Net,UNet,32,2,False,True,0.2,1.0,16,16,1,34,18,0.5294117647058824,0.0455470704263463
Only UNet,U-Net,UNet,32,2,False,True,0.2,1.0,16,16,2,29,12,0.4137931034482758,0.0056956015795354
Only UNet,U-Net,UNet,32,2,False,True,0.2,1.0,16,16,3,28,39,1.3928571428571428,0.0186108147813044
Only UNet,U-Net,UNet,32,2,False,True,0.2,1.0,16,16,4,36,27,0.75,-0.0101928437868632
Only UNet,U-Net,UNet,32,2,False,True,0.2,1.0,16,16,5,42,11,0.2619047619047619,-0.0096127236794158
Only UNet,U-Net,UNet,32,2,False,True,0.2,1.0,16,16,6,28,18,0.6428571428571429,0.0069259735801492
Only UNet,U-Net,UNet,32,2,False,True,0.2,1.0,16,16,7,38,11,0.2894736842105263,0.0148309816308507
Only UNet,U-Net,UNet,32,2,False,True,0.2,1.0,16,16,8,33,22,0.6666666666666666,0.0167608402667046
Only UNet,U-Net,UNet,32,2,False,True,0.2,1.0,16,16,9,28,8,0.2857142857142857,0.0675260269965323
Only UNet,U-Net,UNet,32,2,False,True,0.2,1.0,16,16,10,31,19,0.6129032258064516,-0.0572016111186369
Only UNet,U-Net,UNet,32,2,False,True,0.2,1.0,16,16,11,29,16,0.5517241379310345,-0.0035290527296063
Only UNet,U-Net,UNet,32,2,False,True,0.2,1.0,16,16,12,29,10,0.3448275862068966,0.0245820825398191
Only UNet,U-Net,UNet,32,2,False,True,0.2,1.0,16,16,13,28,35,1.25,-0.0393152972955491
Only UNet,U-Net,UNet,32,2,False,True,0.2,1.0,16,16,14,29,38,1.3103448275862069,0.0026159311025529
Only UNet,U-Net,UNet,32,2,False,True,0.2,1.0,16,16,15,42,17,0.4047619047619047,0.0079936655659242
Only UNet,U-Net,UNet,32,2,False,True,0.2,1.0,16,16,16,58,13,0.2241379310344827,0.0576829941629677
Only UNet,U-Net,UNet,32,2,False,True,0.2,1.0,16,16,17,35,11,0.3142857142857143,-0.0131312543598806
Only UNet,U-Net,UNet,32,2,False,True,0.2,1.0,16,16,18,17,9,0.5294117647058824,-0.019569802022911
Only UNet,U-Net,UNet,32,2,False,True,0.2,1.0,16,16,19,17,13,0.7647058823529411,0.0583968875153393
Only UNet,U-Net,UNet,32,2,False,True,0.2,1.0,16,16,20,27,15,0.5555555555555556,-0.0054217302907721
Only UNet,U-Net,UNet,32,2,False,True,0.2,1.0,16,16,21,40,35,0.875,-0.0076545212918917
Only UNet,U-Net,UNet,32,2,False,True,0.2,1.0,16,16,22,45,17,0.3777777777777777,0.0110252531858544
Only UNet,U-Net,UNet,32,2,False,True,0.2,1.0,16,16,23,23,18,0.782608695652174,-0.0175177524381979
Only UNet,U-Net,UNet,32,2,False,True,0.2,1.0,16,16,24,20,10,0.5,0.0103533654672064
Only UNet,U-Net,UNet,32,2,False,True,0.2,1.0,16,16,25,18,11,0.6111111111111112,0.0038893628534654
Only UNet,U-Net,UNet,32,2,False,True,0.2,1.0,16,16,26,34,8,0.2352941176470588,0.0352650256102392
Only UNet,U-Net,UNet,32,2,False,True,0.2,1.0,16,16,27,35,12,0.3428571428571428,0.0921234623019129
Only UNet,U-Net,UNet,32,2,False,True,0.2,1.0,16,16,28,33,16,0.4848484848484848,-0.0009212622301896
Only UNet,U-Net,UNet,32,2,False,True,0.2,1.0,16,16,29,40,24,0.6,0.0078152525597545
Only UNet,U-Net,UNet,32,2,False,True,0.2,1.0,16,16,30,19,7,0.3684210526315789,0.0337421821312424
Only UNet,U-Net,UNet,32,2,False,True,0.2,1.0,16,16,31,37,24,0.6486486486486487,-0.0161899130927994
Only UNet,U-Net,UNet,32,2,False,True,0.2,1.0,16,16,32,37,16,0.4324324324324324,-0.0297032558363251
Only UNet,U-Net,UNet,32,2,False,True,0.2,1.0,16,16,33,31,11,0.3548387096774194,-0.0165105887442745
Only UNet,U-Net,UNet,32,2,False,True,0.2,1.0,16,16,34,25,9,0.36,0.0496474121777295
Only UNet,U-Net,UNet,32,2,False,True,0.2,1.0,16,16,35,25,23,0.92,-0.015773023041104
Only UNet,U-Net,UNet,32,2,False,True,0.2,1.0,16,16,36,26,18,0.6923076923076923,-0.057288314937786
Only UNet,U-Net,UNet,32,2,False,True,0.2,1.0,16,16,37,27,8,0.2962962962962963,-0.0011552173926998
Only UNet,U-Net,UNet,32,2,False,True,0.2,1.0,16,16,38,44,12,0.2727272727272727,0.0189970651542057
Only UNet,U-Net,UNet,32,2,False,True,0.2,1.0,16,16,39,19,7,0.3684210526315789,-0.003202114236571
Only UNet,U-Net,UNet,32,2,False,True,0.2,1.0,16,16,40,41,28,0.6829268292682927,0.0177564843813384
Only UNet,U-Net,UNet,32,2,False,True,0.2,1.0,16,16,41,32,15,0.46875,0.0012075816912296
Only UNet,U-Net,UNet,32,2,False,True,0.2,1.0,16,16,42,32,21,0.65625,0.0632132423321386
Only UNet,U-Net,UNet,32,2,False,True,0.2,1.0,16,16,43,28,11,0.3928571428571428,-0.0483436315667633
Only UNet,U-Net,UNet,32,2,False,True,0.2,1.0,16,16,44,41,5,0.1219512195121951,0.0110311362470669
Only UNet,U-Net,UNet,32,2,False,True,0.2,1.0,16,16,45,30,26,0.8666666666666667,-0.0001748199722271
Only UNet,U-Net,UNet,32,2,False,True,0.2,1.0,16,16,46,21,12,0.5714285714285714,-0.0362546036673683
Only UNet,U-Net,UNet,32,2,False,True,0.2,1.0,16,16,47,28,9,0.3214285714285714,0.0394420980362299
Only UNet,U-Net,UNet,32,2,False,True,0.2,1.0,16,16,48,17,74,4.352941176470588,0.0486580357613372
Only UNet,U-Net,UNet,32,2,False,True,0.2,1.0,16,16,49,20,12,0.6,0.0187838695231661
Only UNet,U-Net,UNet,32,2,False,True,0.2,1.0,16,16,50,34,8,0.2352941176470588,0.0090597904765655
Only UNet,U-Net,UNet,32,2,False,True,0.2,1.0,16,16,51,41,50,1.2195121951219512,-0.00725072583944
Only UNet,U-Net,UNet,32,2,False,True,0.2,1.0,16,16,52,46,24,0.5217391304347826,-0.0130238737673456
Only UNet,U-Net,UNet,32,2,False,True,0.2,1.0,16,16,53,18,19,1.0555555555555556,0.0118806466730059
Only UNet,U-Net,UNet,32,2,False,True,0.2,1.0,16,16,54,30,15,0.5,-0.0187804256605665
Only UNet,U-Net,UNet,32,2,False,True,0.2,1.0,16,16,55,40,33,0.825,0.0102590433647037
Only UNet,U-Net,UNet,32,2,False,True,0.2,1.0,16,16,56,29,18,0.6206896551724138,0.0713792080473566
Only UNet,U-Net,UNet,32,2,False,True,0.2,1.0,16,16,57,38,12,0.3157894736842105,0.0009754659341799
Only UNet,U-Net,UNet,32,2,False,True,0.2,1.0,16,16,58,29,11,0.3793103448275862,-0.0080845867988313
Only UNet,U-Net,UNet,32,2,False,True,0.2,1.0,16,16,59,25,8,0.32,-0.0109006555045258
Only UNet,U-Net,UNet,32,2,False,True,0.2,1.0,16,16,60,35,28,0.8,0.030217905460137
Only UNet,U-Net,UNet,32,2,False,True,0.2,1.0,16,16,61,18,28,1.5555555555555556,-0.0059898904417979
Only UNet,U-Net,UNet,32,2,False,True,0.2,1.0,16,16,62,24,17,0.7083333333333334,-0.0029718897792531
Only UNet,U-Net,UNet,32,2,False,True,0.2,1.0,16,16,63,15,40,2.6666666666666665,0.0236645530493362
Only UNet,U-Net,UNet,32,2,False,True,0.2,1.0,16,16,64,22,16,0.7272727272727273,-0.019170450180804
Only UNet,U-Net,UNet,32,2,False,True,0.2,1.0,16,16,65,20,11,0.55,-0.0043426306603208
Only UNet,U-Net,UNet,32,2,False,True,0.2,1.0,16,16,66,31,27,0.8709677419354839,0.0041574656031675
Only UNet,U-Net,UNet,32,2,False,True,0.2,1.0,16,16,67,46,13,0.2826086956521739,0.0109311202873289
Only UNet,U-Net,UNet,32,2,False,True,0.2,1.0,16,16,68,29,24,0.8275862068965517,0.0118041495270304
Only UNet,U-Net,UNet,32,2,False,True,0.2,1.0,16,16,69,50,30,0.6,0.0185585047560139
Only UNet,U-Net,UNet,32,2,False,True,0.2,1.0,16,16,70,31,13,0.4193548387096774,0.0312695801418557
Only UNet,U-Net,UNet,32,2,False,True,0.2,1.0,16,16,71,41,34,0.8292682926829268,-0.0947886878941755
Only UNet,U-Net,UNet,32,2,False,True,0.2,1.0,16,16,72,38,25,0.6578947368421053,-0.0473193927086574
Only UNet,U-Net,UNet,32,2,False,True,0.2,1.0,16,16,73,44,18,0.4090909090909091,-0.0057734242704593
Only UNet,U-Net,UNet,32,2,False,True,0.2,1.0,16,16,74,37,9,0.2432432432432432,-0.0004005192278988
Only UNet,U-Net,UNet,32,2,False,True,0.2,1.0,16,16,75,29,19,0.6551724137931034,0.0017893514129907
Only UNet,U-Net,UNet,32,2,False,True,0.2,1.0,16,16,76,28,20,0.7142857142857143,0.0069715844921057
Only UNet,U-Net,UNet,32,2,False,True,0.2,1.0,16,16,77,18,10,0.5555555555555556,-0.0149874654386737
Only UNet,U-Net,UNet,32,2,False,True,0.2,1.0,16,16,78,37,9,0.2432432432432432,0.0241382651454593
Only UNet,U-Net,UNet,32,2,False,True,0.2,1.0,16,16,79,24,16,0.6666666666666666,0.0111918062111636
Only UNet,U-Net,UNet,32,2,False,True,0.2,1.0,16,16,80,38,13,0.3421052631578947,0.0596179379360741
Only UNet,U-Net,UNet,32,2,False,True,0.2,1.0,16,16,81,25,13,0.52,0.0793152114659919
Only UNet,U-Net,UNet,32,2,False,True,0.2,1.0,16,16,82,29,8,0.2758620689655172,-0.0101110314417755
Only UNet,U-Net,UNet,32,2,False,True,0.2,1.0,16,16,83,34,12,0.3529411764705882,-0.0033192995932995
Only UNet,U-Net,UNet,32,2,False,True,0.2,1.0,16,16,84,21,14,0.6666666666666666,-7.552643626192156e-05
Only UNet,U-Net,UNet,32,2,False,True,0.2,1.0,16,16,85,22,8,0.3636363636363636,0.0033251780748213
Only UNet,U-Net,UNet,32,2,False,True,0.2,1.0,16,16,86,41,10,0.2439024390243902,0.0091271372466025
Only UNet,U-Net,UNet,32,2,False,True,0.2,1.0,16,16,87,28,9,0.3214285714285714,0.0751639324361407
Only UNet,U-Net,UNet,32,2,False,True,0.2,1.0,16,16,88,35,10,0.2857142857142857,0.0054083428637782
Only UNet,U-Net,UNet,32,2,False,True,0.2,1.0,16,16,89,32,16,0.5,-0.0126318168618396
Only UNet,U-Net,UNet,32,2,False,True,0.2,1.0,16,16,90,29,18,0.6206896551724138,0.0184729984608223
Only UNet,U-Net,UNet,32,2,False,True,0.2,1.0,16,16,91,19,20,1.0526315789473684,0.0060035107995246
Only UNet,U-Net,UNet,32,2,False,True,0.2,1.0,16,16,92,45,31,0.6888888888888889,0.0254670015627906
Only UNet,U-Net,UNet,32,2,False,True,0.2,1.0,16,16,93,25,9,0.36,-0.0062743788665451
Only UNet,U-Net,UNet,32,2,False,True,0.2,1.0,16,16,94,32,10,0.3125,0.0053529840699641
Only UNet,U-Net,UNet,32,2,False,True,0.2,1.0,16,16,95,41,23,0.5609756097560976,-0.0204781031556297
Only UNet,U-Net,UNet,32,2,False,True,0.2,1.0,16,16,96,16,12,0.75,-0.0086215819064149
Only UNet,U-Net,UNet,32,2,False,True,0.2,1.0,16,16,97,26,11,0.4230769230769231,0.0024310079227516
Only UNet,U-Net,UNet,32,2,False,True,0.2,1.0,16,16,98,25,15,0.6,-0.0048154131949801
Only UNet,U-Net,UNet,32,2,False,True,0.2,1.0,16,16,99,61,10,0.1639344262295081,-0.0419477205437998
Only UNet,U-Net,UNet,32,2,False,True,0.2,1.0,16,17,0,33,17,0.5151515151515151,0.0715228655091536
Only UNet,U-Net,UNet,32,2,False,True,0.2,1.0,16,17,1,34,21,0.6176470588235294,0.0153077469605906
Only UNet,U-Net,UNet,32,2,False,True,0.2,1.0,16,17,2,29,15,0.5172413793103449,0.0149910579683623
Only UNet,U-Net,UNet,32,2,False,True,0.2,1.0,16,17,3,28,11,0.3928571428571428,0.0048208582170652
Only UNet,U-Net,UNet,32,2,False,True,0.2,1.0,16,17,4,36,17,0.4722222222222222,-0.0261133614100315
Only UNet,U-Net,UNet,32,2,False,True,0.2,1.0,16,17,5,42,9,0.2142857142857142,-0.0084507911261456
Only UNet,U-Net,UNet,32,2,False,True,0.2,1.0,16,17,6,28,23,0.8214285714285714,0.0124528114002101
Only UNet,U-Net,UNet,32,2,False,True,0.2,1.0,16,17,7,38,10,0.2631578947368421,0.0340400067798624
Only UNet,U-Net,UNet,32,2,False,True,0.2,1.0,16,17,8,33,22,0.6666666666666666,-0.0057528279182263
Only UNet,U-Net,UNet,32,2,False,True,0.2,1.0,16,17,9,28,10,0.3571428571428571,0.0601496897392929
Only UNet,U-Net,UNet,32,2,False,True,0.2,1.0,16,17,10,31,34,1.096774193548387,-0.0484208967505854
Only UNet,U-Net,UNet,32,2,False,True,0.2,1.0,16,17,11,29,8,0.2758620689655172,-0.0086271661884753
Only UNet,U-Net,UNet,32,2,False,True,0.2,1.0,16,17,12,29,14,0.4827586206896552,0.0301697671999799
Only UNet,U-Net,UNet,32,2,False,True,0.2,1.0,16,17,13,28,24,0.8571428571428571,-0.0384707216116233
Only UNet,U-Net,UNet,32,2,False,True,0.2,1.0,16,17,14,29,19,0.6551724137931034,0.0139620367507428
Only UNet,U-Net,UNet,32,2,False,True,0.2,1.0,16,17,15,42,12,0.2857142857142857,0.0192643746604452
Only UNet,U-Net,UNet,32,2,False,True,0.2,1.0,16,17,16,58,24,0.4137931034482758,0.0348175581628449
Only UNet,U-Net,UNet,32,2,False,True,0.2,1.0,16,17,17,35,12,0.3428571428571428,-0.0078464263480111
Only UNet,U-Net,UNet,32,2,False,True,0.2,1.0,16,17,18,17,10,0.5882352941176471,-0.0211555530543154
Only UNet,U-Net,UNet,32,2,False,True,0.2,1.0,16,17,19,17,19,1.1176470588235294,0.0780061304389196
Only UNet,U-Net,UNet,32,2,False,True,0.2,1.0,16,17,20,27,13,0.4814814814814814,-0.0089914152938513
Only UNet,U-Net,UNet,32,2,False,True,0.2,1.0,16,17,21,40,42,1.05,-0.0006931335040034
Only UNet,U-Net,UNet,32,2,False,True,0.2,1.0,16,17,22,45,12,0.2666666666666666,0.0215349116434749
Only UNet,U-Net,UNet,32,2,False,True,0.2,1.0,16,17,23,23,11,0.4782608695652174,-0.031131957335219
Only UNet,U-Net,UNet,32,2,False,True,0.2,1.0,16,17,24,20,11,0.55,-0.0085216829755863
Only UNet,U-Net,UNet,32,2,False,True,0.2,1.0,16,17,25,18,11,0.6111111111111112,0.0196922907507243
Only UNet,U-Net,UNet,32,2,False,True,0.2,1.0,16,17,26,34,15,0.4411764705882353,0.0190337081155876
Only UNet,U-Net,UNet,32,2,False,True,0.2,1.0,16,17,27,35,16,0.4571428571428571,0.0164510676932629
Only UNet,U-Net,UNet,32,2,False,True,0.2,1.0,16,17,28,33,22,0.6666666666666666,-0.0019331927442943
Only UNet,U-Net,UNet,32,2,False,True,0.2,1.0,16,17,29,40,13,0.325,-0.0377541095927253
Only UNet,U-Net,UNet,32,2,False,True,0.2,1.0,16,17,30,19,9,0.4736842105263157,0.0491895253852827
Only UNet,U-Net,UNet,32,2,False,True,0.2,1.0,16,17,31,37,12,0.3243243243243243,-0.0241301761710272
Only UNet,U-Net,UNet,32,2,False,True,0.2,1.0,16,17,32,37,11,0.2972972972972973,-0.0191240605093968
Only UNet,U-Net,UNet,32,2,False,True,0.2,1.0,16,17,33,31,12,0.3870967741935484,-0.0228140889984163
Only UNet,U-Net,UNet,32,2,False,True,0.2,1.0,16,17,34,25,15,0.6,0.0115372700312877
Only UNet,U-Net,UNet,32,2,False,True,0.2,1.0,16,17,35,25,27,1.08,-0.0334551586578966
Only UNet,U-Net,UNet,32,2,False,True,0.2,1.0,16,17,36,26,10,0.3846153846153846,-0.0289702184841666
Only UNet,U-Net,UNet,32,2,False,True,0.2,1.0,16,17,37,27,23,0.8518518518518519,0.0141495712193674
Only UNet,U-Net,UNet,32,2,False,True,0.2,1.0,16,17,38,44,5,0.1136363636363636,0.0347096466567902
Only UNet,U-Net,UNet,32,2,False,True,0.2,1.0,16,17,39,19,11,0.5789473684210527,-0.001423580377887
Only UNet,U-Net,UNet,32,2,False,True,0.2,1.0,16,17,40,41,23,0.5609756097560976,0.0171589898329015
Only UNet,U-Net,UNet,32,2,False,True,0.2,1.0,16,17,41,32,7,0.21875,0.0666915647272075
Only UNet,U-Net,UNet,32,2,False,True,0.2,1.0,16,17,42,32,15,0.46875,-0.0110979086215803
Only UNet,U-Net,UNet,32,2,False,True,0.2,1.0,16,17,43,28,16,0.5714285714285714,0.0343464174017629
Only UNet,U-Net,UNet,32,2,False,True,0.2,1.0,16,17,44,41,28,0.6829268292682927,-0.000591923927195
Only UNet,U-Net,UNet,32,2,False,True,0.2,1.0,16,17,45,30,16,0.5333333333333333,0.0060829670629146
Only UNet,U-Net,UNet,32,2,False,True,0.2,1.0,16,17,46,21,10,0.4761904761904761,-0.0365585474847987
Only UNet,U-Net,UNet,32,2,False,True,0.2,1.0,16,17,47,28,44,1.5714285714285714,0.015100325647622
Only UNet,U-Net,UNet,32,2,False,True,0.2,1.0,16,17,48,17,67,3.941176470588236,0.057467568625713
Only UNet,U-Net,UNet,32,2,False,True,0.2,1.0,16,17,49,20,12,0.6,0.0033955237458915
Only UNet,U-Net,UNet,32,2,False,True,0.2,1.0,16,17,50,34,18,0.5294117647058824,0.0149275474285737
Only UNet,U-Net,UNet,32,2,False,True,0.2,1.0,16,17,51,41,25,0.6097560975609756,-0.0076506009629695
Only UNet,U-Net,UNet,32,2,False,True,0.2,1.0,16,17,52,46,27,0.5869565217391305,-0.0189575793114607
Only UNet,U-Net,UNet,32,2,False,True,0.2,1.0,16,17,53,18,11,0.6111111111111112,-0.0060373534300003
Only UNet,U-Net,UNet,32,2,False,True,0.2,1.0,16,17,54,30,13,0.4333333333333333,-0.0180064358490287
Only UNet,U-Net,UNet,32,2,False,True,0.2,1.0,16,17,55,40,22,0.55,0.0147213151338885
Only UNet,U-Net,UNet,32,2,False,True,0.2,1.0,16,17,56,29,20,0.6896551724137931,0.0882109954921746
Only UNet,U-Net,UNet,32,2,False,True,0.2,1.0,16,17,57,38,24,0.631578947368421,0.0554844835397591
Only UNet,U-Net,UNet,32,2,False,True,0.2,1.0,16,17,58,29,23,0.7931034482758621,-0.0087610610195025
Only UNet,U-Net,UNet,32,2,False,True,0.2,1.0,16,17,59,25,22,0.88,-0.0052914022415846
Only UNet,U-Net,UNet,32,2,False,True,0.2,1.0,16,17,60,35,11,0.3142857142857143,-0.0081627640432995
Only UNet,U-Net,UNet,32,2,False,True,0.2,1.0,16,17,61,18,9,0.5,-0.0025313890609347
Only UNet,U-Net,UNet,32,2,False,True,0.2,1.0,16,17,62,24,18,0.75,-0.0161165702542516
Only UNet,U-Net,UNet,32,2,False,True,0.2,1.0,16,17,63,15,11,0.7333333333333333,0.0090439093750688
Only UNet,U-Net,UNet,32,2,False,True,0.2,1.0,16,17,64,22,19,0.8636363636363636,-0.0009467196224993
Only UNet,U-Net,UNet,32,2,False,True,0.2,1.0,16,17,65,20,10,0.5,-0.0012815857738116
Only UNet,U-Net,UNet,32,2,False,True,0.2,1.0,16,17,66,31,9,0.2903225806451613,0.0350653202414508
Only UNet,U-Net,UNet,32,2,False,True,0.2,1.0,16,17,67,46,10,0.217391304347826,0.0229814287085241
Only UNet,U-Net,UNet,32,2,False,True,0.2,1.0,16,17,68,29,14,0.4827586206896552,0.0456738338951194
Only UNet,U-Net,UNet,32,2,False,True,0.2,1.0,16,17,69,50,30,0.6,0.0291177799365175
Only UNet,U-Net,UNet,32,2,False,True,0.2,1.0,16,17,70,31,16,0.5161290322580645,0.0098482225905066
Only UNet,U-Net,UNet,32,2,False,True,0.2,1.0,16,17,71,41,16,0.3902439024390244,-0.0824795722612167
Only UNet,U-Net,UNet,32,2,False,True,0.2,1.0,16,17,72,38,13,0.3421052631578947,-0.0492399918099793
Only UNet,U-Net,UNet,32,2,False,True,0.2,1.0,16,17,73,44,27,0.6136363636363636,0.0538179650430263
Only UNet,U-Net,UNet,32,2,False,True,0.2,1.0,16,17,74,37,14,0.3783783783783784,0.0141123510116903
Only UNet,U-Net,UNet,32,2,False,True,0.2,1.0,16,17,75,29,18,0.6206896551724138,0.0435571421410656
Only UNet,U-Net,UNet,32,2,False,True,0.2,1.0,16,17,76,28,15,0.5357142857142857,0.0310684293288536
Only UNet,U-Net,UNet,32,2,False,True,0.2,1.0,16,17,77,18,11,0.6111111111111112,-0.0257532936005685
Only UNet,U-Net,UNet,32,2,False,True,0.2,1.0,16,17,78,37,10,0.2702702702702703,-0.0193630675396986
Only UNet,U-Net,UNet,32,2,False,True,0.2,1.0,16,17,79,24,6,0.25,0.0063175676502099
Only UNet,U-Net,UNet,32,2,False,True,0.2,1.0,16,17,80,38,38,1.0,0.0816784387410011
Only UNet,U-Net,UNet,32,2,False,True,0.2,1.0,16,17,81,25,9,0.36,0.0050350679704499
Only UNet,U-Net,UNet,32,2,False,True,0.2,1.0,16,17,82,29,13,0.4482758620689655,-0.0197908877423478
Only UNet,U-Net,UNet,32,2,False,True,0.2,1.0,16,17,83,34,12,0.3529411764705882,-0.01146818009485
Only UNet,U-Net,UNet,32,2,False,True,0.2,1.0,16,17,84,21,16,0.7619047619047619,-0.0059730798227879
Only UNet,U-Net,UNet,32,2,False,True,0.2,1.0,16,17,85,22,8,0.3636363636363636,0.0171916574647496
Only UNet,U-Net,UNet,32,2,False,True,0.2,1.0,16,17,86,41,30,0.7317073170731707,0.0015951077187608
Only UNet,U-Net,UNet,32,2,False,True,0.2,1.0,16,17,87,28,17,0.6071428571428571,0.0560756746577027
Only UNet,U-Net,UNet,32,2,False,True,0.2,1.0,16,17,88,35,33,0.9428571428571428,-0.0214938287392157
Only UNet,U-Net,UNet,32,2,False,True,0.2,1.0,16,17,89,32,15,0.46875,-0.044684316185994
Only UNet,U-Net,UNet,32,2,False,True,0.2,1.0,16,17,90,29,24,0.8275862068965517,-0.0027393702035755
Only UNet,U-Net,UNet,32,2,False,True,0.2,1.0,16,17,91,19,8,0.4210526315789473,0.0317767916525834
Only UNet,U-Net,UNet,32,2,False,True,0.2,1.0,16,17,92,45,19,0.4222222222222222,0.0161052907649002
Only UNet,U-Net,UNet,32,2,False,True,0.2,1.0,16,17,93,25,11,0.44,0.0028494694529428
Only UNet,U-Net,UNet,32,2,False,True,0.2,1.0,16,17,94,32,11,0.34375,-0.0062244095638659
Only UNet,U-Net,UNet,32,2,False,True,0.2,1.0,16,17,95,41,18,0.4390243902439024,0.0475306751163149
Only UNet,U-Net,UNet,32,2,False,True,0.2,1.0,16,17,96,16,20,1.25,-0.0057783912118177
Only UNet,U-Net,UNet,32,2,False,True,0.2,1.0,16,17,97,26,23,0.8846153846153846,0.0167874983031106
Only UNet,U-Net,UNet,32,2,False,True,0.2,1.0,16,17,98,25,13,0.52,0.0163093007988496
Only UNet,U-Net,UNet,32,2,False,True,0.2,1.0,16,17,99,61,19,0.3114754098360656,0.0659197036721338
Only UNet,U-Net,UNet,32,2,False,True,0.2,1.0,16,18,0,33,13,0.3939393939393939,0.0137237345443519
Only UNet,U-Net,UNet,32,2,False,True,0.2,1.0,16,18,1,34,20,0.5882352941176471,0.0205348232696413
Only UNet,U-Net,UNet,32,2,False,True,0.2,1.0,16,18,2,29,15,0.5172413793103449,0.0125122249101942
Only UNet,U-Net,UNet,32,2,False,True,0.2,1.0,16,18,3,28,12,0.4285714285714285,-0.0066229068889402
Only UNet,U-Net,UNet,32,2,False,True,0.2,1.0,16,18,4,36,27,0.75,-0.0025892802814565
Only UNet,U-Net,UNet,32,2,False,True,0.2,1.0,16,18,5,42,6,0.1428571428571428,-0.0114805584334139
Only UNet,U-Net,UNet,32,2,False,True,0.2,1.0,16,18,6,28,9,0.3214285714285714,0.0010710495352548
Only UNet,U-Net,UNet,32,2,False,True,0.2,1.0,16,18,7,38,11,0.2894736842105263,0.0651639185186403
Only UNet,U-Net,UNet,32,2,False,True,0.2,1.0,16,18,8,33,13,0.3939393939393939,-0.0003540592139239
Only UNet,U-Net,UNet,32,2,False,True,0.2,1.0,16,18,9,28,19,0.6785714285714286,0.0146763000175476
Only UNet,U-Net,UNet,32,2,False,True,0.2,1.0,16,18,10,31,13,0.4193548387096774,0.0116939042870328
Only UNet,U-Net,UNet,32,2,False,True,0.2,1.0,16,18,11,29,30,1.0344827586206895,-0.0043132019767421
Only UNet,U-Net,UNet,32,2,False,True,0.2,1.0,16,18,12,29,9,0.3103448275862069,0.0426178973757545
Only UNet,U-Net,UNet,32,2,False,True,0.2,1.0,16,18,13,28,35,1.25,-0.0441133289991761
Only UNet,U-Net,UNet,32,2,False,True,0.2,1.0,16,18,14,29,10,0.3448275862068966,0.0208855224980431
Only UNet,U-Net,UNet,32,2,False,True,0.2,1.0,16,18,15,42,14,0.3333333333333333,-0.0082391515853078
Only UNet,U-Net,UNet,32,2,False,True,0.2,1.0,16,18,16,58,11,0.1896551724137931,0.0092500836541496
Only UNet,U-Net,UNet,32,2,False,True,0.2,1.0,16,18,17,35,27,0.7714285714285715,0.0058318262443496
Only UNet,U-Net,UNet,32,2,False,True,0.2,1.0,16,18,18,17,8,0.4705882352941176,-0.0151124803330161
Only UNet,U-Net,UNet,32,2,False,True,0.2,1.0,16,18,19,17,12,0.7058823529411765,0.0111842258959758
Only UNet,U-Net,UNet,32,2,False,True,0.2,1.0,16,18,20,27,19,0.7037037037037037,-0.0156179275020576
Only UNet,U-Net,UNet,32,2,False,True,0.2,1.0,16,18,21,40,29,0.725,0.0224331760828902
Only UNet,U-Net,UNet,32,2,False,True,0.2,1.0,16,18,22,45,15,0.3333333333333333,0.03016463927933
Only UNet,U-Net,UNet,32,2,False,True,0.2,1.0,16,18,23,23,15,0.6521739130434783,-0.0030786852883113
Only UNet,U-Net,UNet,32,2,False,True,0.2,1.0,16,18,24,20,14,0.7,-0.0028300011711241
Only UNet,U-Net,UNet,32,2,False,True,0.2,1.0,16,18,25,18,11,0.6111111111111112,0.0136013361262049
Only UNet,U-Net,UNet,32,2,False,True,0.2,1.0,16,18,26,34,5,0.1470588235294117,0.0036469369546873
Only UNet,U-Net,UNet,32,2,False,True,0.2,1.0,16,18,27,35,16,0.4571428571428571,0.0712611508220492
Only UNet,U-Net,UNet,32,2,False,True,0.2,1.0,16,18,28,33,27,0.8181818181818182,0.01904836260067
Only UNet,U-Net,UNet,32,2,False,True,0.2,1.0,16,18,29,40,50,1.25,0.0293896057964622
Only UNet,U-Net,UNet,32,2,False,True,0.2,1.0,16,18,30,19,7,0.3684210526315789,0.0246428948282115
Only UNet,U-Net,UNet,32,2,False,True,0.2,1.0,16,18,31,37,10,0.2702702702702703,-0.023885491657306
Only UNet,U-Net,UNet,32,2,False,True,0.2,1.0,16,18,32,37,16,0.4324324324324324,0.0227495509674743
Only UNet,U-Net,UNet,32,2,False,True,0.2,1.0,16,18,33,31,11,0.3548387096774194,-0.0130542788869773
Only UNet,U-Net,UNet,32,2,False,True,0.2,1.0,16,18,34,25,20,0.8,0.0588783136417658
Only UNet,U-Net,UNet,32,2,False,True,0.2,1.0,16,18,35,25,10,0.4,-0.0186481344836503
Only UNet,U-Net,UNet,32,2,False,True,0.2,1.0,16,18,36,26,24,0.9230769230769232,-0.0353058722445231
Only UNet,U-Net,UNet,32,2,False,True,0.2,1.0,16,18,37,27,5,0.1851851851851851,-0.0064497996514434
Only UNet,U-Net,UNet,32,2,False,True,0.2,1.0,16,18,38,44,19,0.4318181818181818,0.0518012304286501
Only UNet,U-Net,UNet,32,2,False,True,0.2,1.0,16,18,39,19,9,0.4736842105263157,-0.0047397344928433
Only UNet,U-Net,UNet,32,2,False,True,0.2,1.0,16,18,40,41,17,0.4146341463414634,-0.0028591897059479
Only UNet,U-Net,UNet,32,2,False,True,0.2,1.0,16,18,41,32,7,0.21875,0.0013446919437471
Only UNet,U-Net,UNet,32,2,False,True,0.2,1.0,16,18,42,32,32,1.0,-0.003501184581327
Only UNet,U-Net,UNet,32,2,False,True,0.2,1.0,16,18,43,28,9,0.3214285714285714,-0.0201404951415116
Only UNet,U-Net,UNet,32,2,False,True,0.2,1.0,16,18,44,41,10,0.2439024390243902,-0.0202615274325285
Only UNet,U-Net,UNet,32,2,False,True,0.2,1.0,16,18,45,30,17,0.5666666666666667,0.008114995916423
Only UNet,U-Net,UNet,32,2,False,True,0.2,1.0,16,18,46,21,8,0.3809523809523809,-0.0361682753115164
Only UNet,U-Net,UNet,32,2,False,True,0.2,1.0,16,18,47,28,12,0.4285714285714285,0.0064302448902174
Only UNet,U-Net,UNet,32,2,False,True,0.2,1.0,16,18,48,17,7,0.4117647058823529,0.0500999423677378
Only UNet,U-Net,UNet,32,2,False,True,0.2,1.0,16,18,49,20,7,0.35,-0.0098783092215211
Only UNet,U-Net,UNet,32,2,False,True,0.2,1.0,16,18,50,34,8,0.2352941176470588,0.0102550672869457
Only UNet,U-Net,UNet,32,2,False,True,0.2,1.0,16,18,51,41,7,0.1707317073170731,0.0375288302598209
Only UNet,U-Net,UNet,32,2,False,True,0.2,1.0,16,18,52,46,34,0.7391304347826086,0.0058422432960338
Only UNet,U-Net,UNet,32,2,False,True,0.2,1.0,16,18,53,18,5,0.2777777777777778,0.0011955853389073
Only UNet,U-Net,UNet,32,2,False,True,0.2,1.0,16,18,54,30,28,0.9333333333333332,-0.0314261763817195
Only UNet,U-Net,UNet,32,2,False,True,0.2,1.0,16,18,55,40,22,0.55,0.1272251045801386
Only UNet,U-Net,UNet,32,2,False,True,0.2,1.0,16,18,56,29,10,0.3448275862068966,-0.0241501900972555
Only UNet,U-Net,UNet,32,2,False,True,0.2,1.0,16,18,57,38,23,0.6052631578947368,0.0106981713991186
Only UNet,U-Net,UNet,32,2,False,True,0.2,1.0,16,18,58,29,7,0.2413793103448276,0.0013736138620115
Only UNet,U-Net,UNet,32,2,False,True,0.2,1.0,16,18,59,25,15,0.6,0.0536274527327426
Only UNet,U-Net,UNet,32,2,False,True,0.2,1.0,16,18,60,35,17,0.4857142857142857,-0.0237385084757954
Only UNet,U-Net,UNet,32,2,False,True,0.2,1.0,16,18,61,18,11,0.6111111111111112,0.0008200286536968
Only UNet,U-Net,UNet,32,2,False,True,0.2,1.0,16,18,62,24,0,0.0,-0.0134750383685194
Only UNet,U-Net,UNet,32,2,False,True,0.2,1.0,16,18,63,15,9,0.6,-0.0054164092304987
Only UNet,U-Net,UNet,32,2,False,True,0.2,1.0,16,18,64,22,15,0.6818181818181818,-0.0120918521738465
Only UNet,U-Net,UNet,32,2,False,True,0.2,1.0,16,18,65,20,9,0.45,-0.0106940822057085
Only UNet,U-Net,UNet,32,2,False,True,0.2,1.0,16,18,66,31,11,0.3548387096774194,0.0192273281936023
Only UNet,U-Net,UNet,32,2,False,True,0.2,1.0,16,18,67,46,6,0.1304347826086956,0.005860615263361
Only UNet,U-Net,UNet,32,2,False,True,0.2,1.0,16,18,68,29,11,0.3793103448275862,-0.0021577090379107
Only UNet,U-Net,UNet,32,2,False,True,0.2,1.0,16,18,69,50,27,0.54,0.0091820767722833
Only UNet,U-Net,UNet,32,2,False,True,0.2,1.0,16,18,70,31,19,0.6129032258064516,0.0222364228488425
Only UNet,U-Net,UNet,32,2,False,True,0.2,1.0,16,18,71,41,20,0.4878048780487805,-0.0787662885142082
Only UNet,U-Net,UNet,32,2,False,True,0.2,1.0,16,18,72,38,29,0.7631578947368421,0.0026137853573507
Only UNet,U-Net,UNet,32,2,False,True,0.2,1.0,16,18,73,44,17,0.3863636363636363,0.0081068143274014
Only UNet,U-Net,UNet,32,2,False,True,0.2,1.0,16,18,74,37,13,0.3513513513513513,-0.0030839513742582
Only UNet,U-Net,UNet,32,2,False,True,0.2,1.0,16,18,75,29,8,0.2758620689655172,0.0116256171147256
Only UNet,U-Net,UNet,32,2,False,True,0.2,1.0,16,18,76,28,23,0.8214285714285714,0.0024065132210161
Only UNet,U-Net,UNet,32,2,False,True,0.2,1.0,16,18,77,18,10,0.5555555555555556,-0.0199805800759863
Only UNet,U-Net,UNet,32,2,False,True,0.2,1.0,16,18,78,37,28,0.7567567567567568,-0.0473498734972314
Only UNet,U-Net,UNet,32,2,False,True,0.2,1.0,16,18,79,24,17,0.7083333333333334,0.0054548067261857
Only UNet,U-Net,UNet,32,2,False,True,0.2,1.0,16,18,80,38,18,0.4736842105263157,0.0681795438218047
Only UNet,U-Net,UNet,32,2,False,True,0.2,1.0,16,18,81,25,12,0.48,0.1118625874937191
Only UNet,U-Net,UNet,32,2,False,True,0.2,1.0,16,18,82,29,13,0.4482758620689655,-0.0202907229773373
Only UNet,U-Net,UNet,32,2,False,True,0.2,1.0,16,18,83,34,9,0.2647058823529412,-0.0053921375276347
Only UNet,U-Net,UNet,32,2,False,True,0.2,1.0,16,18,84,21,12,0.5714285714285714,0.0035764291987057
Only UNet,U-Net,UNet,32,2,False,True,0.2,1.0,16,18,85,22,9,0.4090909090909091,0.0295863592771304
Only UNet,U-Net,UNet,32,2,False,True,0.2,1.0,16,18,86,41,11,0.2682926829268293,0.006181763896267
Only UNet,U-Net,UNet,32,2,False,True,0.2,1.0,16,18,87,28,12,0.4285714285714285,0.0120811849287272
Only UNet,U-Net,UNet,32,2,False,True,0.2,1.0,16,18,88,35,13,0.3714285714285714,-0.002144056194747
Only UNet,U-Net,UNet,32,2,False,True,0.2,1.0,16,18,89,32,14,0.4375,-0.0378929704179632
Only UNet,U-Net,UNet,32,2,False,True,0.2,1.0,16,18,90,29,14,0.4827586206896552,0.023467295910856
Only UNet,U-Net,UNet,32,2,False,True,0.2,1.0,16,18,91,19,14,0.7368421052631579,0.0374002638551195
Only UNet,U-Net,UNet,32,2,False,True,0.2,1.0,16,18,92,45,15,0.3333333333333333,-0.0323316515226679
Only UNet,U-Net,UNet,32,2,False,True,0.2,1.0,16,18,93,25,9,0.36,0.0003791456785803
Only UNet,U-Net,UNet,32,2,False,True,0.2,1.0,16,18,94,32,12,0.375,0.0965581988954105
Only UNet,U-Net,UNet,32,2,False,True,0.2,1.0,16,18,95,41,18,0.4390243902439024,0.0075164544576164
Only UNet,U-Net,UNet,32,2,False,True,0.2,1.0,16,18,96,16,30,1.875,-0.0094066372922071
Only UNet,U-Net,UNet,32,2,False,True,0.2,1.0,16,18,97,26,5,0.1923076923076923,-0.0073969029064517
Only UNet,U-Net,UNet,32,2,False,True,0.2,1.0,16,18,98,25,16,0.64,-0.0028453046266319
Only UNet,U-Net,UNet,32,2,False,True,0.2,1.0,16,18,99,61,10,0.1639344262295081,-0.022117054279192
Only UNet,U-Net,UNet,32,2,False,True,0.2,1.0,16,19,0,33,27,0.8181818181818182,0.0662230097534867
Only UNet,U-Net,UNet,32,2,False,True,0.2,1.0,16,19,1,34,15,0.4411764705882353,-0.0175867135752266
Only UNet,U-Net,UNet,32,2,False,True,0.2,1.0,16,19,2,29,10,0.3448275862068966,0.0043428176515972
Only UNet,U-Net,UNet,32,2,False,True,0.2,1.0,16,19,3,28,13,0.4642857142857143,0.0609120018251927
Only UNet,U-Net,UNet,32,2,False,True,0.2,1.0,16,19,4,36,18,0.5,0.0098420277600162
Only UNet,U-Net,UNet,32,2,False,True,0.2,1.0,16,19,5,42,10,0.238095238095238,-0.0035081096790564
Only UNet,U-Net,UNet,32,2,False,True,0.2,1.0,16,19,6,28,10,0.3571428571428571,-0.0035083213882344
Only UNet,U-Net,UNet,32,2,False,True,0.2,1.0,16,19,7,38,10,0.2631578947368421,0.0109988769796297
Only UNet,U-Net,UNet,32,2,False,True,0.2,1.0,16,19,8,33,9,0.2727272727272727,-0.0050464394213911
Only UNet,U-Net,UNet,32,2,False,True,0.2,1.0,16,19,9,28,9,0.3214285714285714,0.0538490074770775
Only UNet,U-Net,UNet,32,2,False,True,0.2,1.0,16,19,10,31,17,0.5483870967741935,-0.0354149084847929
Only UNet,U-Net,UNet,32,2,False,True,0.2,1.0,16,19,11,29,13,0.4482758620689655,-0.0088125798500702
Only UNet,U-Net,UNet,32,2,False,True,0.2,1.0,16,19,12,29,10,0.3448275862068966,0.0568442165818458
Only UNet,U-Net,UNet,32,2,False,True,0.2,1.0,16,19,13,28,21,0.75,-0.0319031219715614
Only UNet,U-Net,UNet,32,2,False,True,0.2,1.0,16,19,14,29,8,0.2758620689655172,-0.0066022172667737
Only UNet,U-Net,UNet,32,2,False,True,0.2,1.0,16,19,15,42,16,0.3809523809523809,0.0100998519074198
Only UNet,U-Net,UNet,32,2,False,True,0.2,1.0,16,19,16,58,7,0.1206896551724138,0.0023219474003928
Only UNet,U-Net,UNet,32,2,False,True,0.2,1.0,16,19,17,35,12,0.3428571428571428,0.0360803206181267
Only UNet,U-Net,UNet,32,2,False,True,0.2,1.0,16,19,18,17,10,0.5882352941176471,0.0024990556679767
Only UNet,U-Net,UNet,32,2,False,True,0.2,1.0,16,19,19,17,50,2.9411764705882355,0.0273452347924417
Only UNet,U-Net,UNet,32,2,False,True,0.2,1.0,16,19,20,27,9,0.3333333333333333,-0.0083726205054432
Only UNet,U-Net,UNet,32,2,False,True,0.2,1.0,16,19,21,40,48,1.2,-0.0552070898368807
Only UNet,U-Net,UNet,32,2,False,True,0.2,1.0,16,19,22,45,27,0.6,0.0076311820780524
Only UNet,U-Net,UNet,32,2,False,True,0.2,1.0,16,19,23,23,16,0.6956521739130435,0.0080415598573912
Only UNet,U-Net,UNet,32,2,False,True,0.2,1.0,16,19,24,20,12,0.6,-0.0003348971719753
Only UNet,U-Net,UNet,32,2,False,True,0.2,1.0,16,19,25,18,9,0.5,0.0220434477834443
Only UNet,U-Net,UNet,32,2,False,True,0.2,1.0,16,19,26,34,9,0.2647058823529412,0.019841385568121
Only UNet,U-Net,UNet,32,2,False,True,0.2,1.0,16,19,27,35,40,1.1428571428571428,0.0902546356436751
Only UNet,U-Net,UNet,32,2,False,True,0.2,1.0,16,19,28,33,21,0.6363636363636364,0.0004979422785517
Only UNet,U-Net,UNet,32,2,False,True,0.2,1.0,16,19,29,40,8,0.2,-0.01187366028084
Only UNet,U-Net,UNet,32,2,False,True,0.2,1.0,16,19,30,19,7,0.3684210526315789,0.036500771745124
Only UNet,U-Net,UNet,32,2,False,True,0.2,1.0,16,19,31,37,11,0.2972972972972973,0.0041073280141259
Only UNet,U-Net,UNet,32,2,False,True,0.2,1.0,16,19,32,37,11,0.2972972972972973,-0.0037851553374622
Only UNet,U-Net,UNet,32,2,False,True,0.2,1.0,16,19,33,31,25,0.8064516129032258,0.0502583254177342
Only UNet,U-Net,UNet,32,2,False,True,0.2,1.0,16,19,34,25,10,0.4,0.0207546666146665
Only UNet,U-Net,UNet,32,2,False,True,0.2,1.0,16,19,35,25,13,0.52,-0.0369337026779885
Only UNet,U-Net,UNet,32,2,False,True,0.2,1.0,16,19,36,26,18,0.6923076923076923,-0.0347511390142845
Only UNet,U-Net,UNet,32,2,False,True,0.2,1.0,16,19,37,27,23,0.8518518518518519,0.0122839502030329
Only UNet,U-Net,UNet,32,2,False,True,0.2,1.0,16,19,38,44,11,0.25,-0.0205240343445042
Only UNet,U-Net,UNet,32,2,False,True,0.2,1.0,16,19,39,19,9,0.4736842105263157,-0.0044536931832052
Only UNet,U-Net,UNet,32,2,False,True,0.2,1.0,16,19,40,41,27,0.6585365853658537,0.0188116356503341
Only UNet,U-Net,UNet,32,2,False,True,0.2,1.0,16,19,41,32,12,0.375,-0.0125686973640975
Only UNet,U-Net,UNet,32,2,False,True,0.2,1.0,16,19,42,32,7,0.21875,-0.0248620185654371
Only UNet,U-Net,UNet,32,2,False,True,0.2,1.0,16,19,43,28,13,0.4642857142857143,0.0102212043489979
Only UNet,U-Net,UNet,32,2,False,True,0.2,1.0,16,19,44,41,15,0.3658536585365853,-0.024816005546737
Only UNet,U-Net,UNet,32,2,False,True,0.2,1.0,16,19,45,30,21,0.7,-0.0018079307683044
Only UNet,U-Net,UNet,32,2,False,True,0.2,1.0,16,19,46,21,24,1.1428571428571428,-0.026114610998667
Only UNet,U-Net,UNet,32,2,False,True,0.2,1.0,16,19,47,28,13,0.4642857142857143,0.0073098941845585
Only UNet,U-Net,UNet,32,2,False,True,0.2,1.0,16,19,48,17,8,0.4705882352941176,0.0735990493872132
Only UNet,U-Net,UNet,32,2,False,True,0.2,1.0,16,19,49,20,8,0.4,0.0110236625909159
Only UNet,U-Net,UNet,32,2,False,True,0.2,1.0,16,19,50,34,11,0.3235294117647059,0.0129994637444272
Only UNet,U-Net,UNet,32,2,False,True,0.2,1.0,16,19,51,41,17,0.4146341463414634,-0.0128622966494238
Only UNet,U-Net,UNet,32,2,False,True,0.2,1.0,16,19,52,46,28,0.6086956521739131,-0.0260469177360696
Only UNet,U-Net,UNet,32,2,False,True,0.2,1.0,16,19,53,18,10,0.5555555555555556,0.0076599383291498
Only UNet,U-Net,UNet,32,2,False,True,0.2,1.0,16,19,54,30,7,0.2333333333333333,-0.0460361911012359
Only UNet,U-Net,UNet,32,2,False,True,0.2,1.0,16,19,55,40,9,0.225,0.0740728535829451
Only UNet,U-Net,UNet,32,2,False,True,0.2,1.0,16,19,56,29,11,0.3793103448275862,-0.0233020886177208
Only UNet,U-Net,UNet,32,2,False,True,0.2,1.0,16,19,57,38,14,0.3684210526315789,-0.0052156648376652
Only UNet,U-Net,UNet,32,2,False,True,0.2,1.0,16,19,58,29,11,0.3793103448275862,-0.0033766905611817
Only UNet,U-Net,UNet,32,2,False,True,0.2,1.0,16,19,59,25,9,0.36,0.004286108722688
Only UNet,U-Net,UNet,32,2,False,True,0.2,1.0,16,19,60,35,14,0.4,0.006218944947997
Only UNet,U-Net,UNet,32,2,False,True,0.2,1.0,16,19,61,18,9,0.5,-0.0066324784501647
Only UNet,U-Net,UNet,32,2,False,True,0.2,1.0,16,19,62,24,10,0.4166666666666667,-0.0212740857376018
Only UNet,U-Net,UNet,32,2,False,True,0.2,1.0,16,19,63,15,13,0.8666666666666667,0.0162399179164293
Only UNet,U-Net,UNet,32,2,False,True,0.2,1.0,16,19,64,22,18,0.8181818181818182,-0.0138072111627193
Only UNet,U-Net,UNet,32,2,False,True,0.2,1.0,16,19,65,20,12,0.6,-0.0005299227543945
Only UNet,U-Net,UNet,32,2,False,True,0.2,1.0,16,19,66,31,14,0.4516129032258064,0.0014735735632482
Only UNet,U-Net,UNet,32,2,False,True,0.2,1.0,16,19,67,46,6,0.1304347826086956,0.0301434670721323
Only UNet,U-Net,UNet,32,2,False,True,0.2,1.0,16,19,68,29,13,0.4482758620689655,0.0019452244424811
Only UNet,U-Net,UNet,32,2,False,True,0.2,1.0,16,19,69,50,20,0.4,0.0390981379900064
Only UNet,U-Net,UNet,32,2,False,True,0.2,1.0,16,19,70,31,11,0.3548387096774194,0.0114798990656217
Only UNet,U-Net,UNet,32,2,False,True,0.2,1.0,16,19,71,41,21,0.5121951219512195,-0.0281793695984973
Only UNet,U-Net,UNet,32,2,False,True,0.2,1.0,16,19,72,38,21,0.5526315789473685,-0.0462717271225821
Only UNet,U-Net,UNet,32,2,False,True,0.2,1.0,16,19,73,44,12,0.2727272727272727,-0.0129434449962837
Only UNet,U-Net,UNet,32,2,False,True,0.2,1.0,16,19,74,37,13,0.3513513513513513,0.025692865004364
Only UNet,U-Net,UNet,32,2,False,True,0.2,1.0,16,19,75,29,10,0.3448275862068966,0.0138075692452533
Only UNet,U-Net,UNet,32,2,False,True,0.2,1.0,16,19,76,28,13,0.4642857142857143,0.0109851654520657
Only UNet,U-Net,UNet,32,2,False,True,0.2,1.0,16,19,77,18,12,0.6666666666666666,-0.0102932906646366
Only UNet,U-Net,UNet,32,2,False,True,0.2,1.0,16,19,78,37,29,0.7837837837837838,0.0433468063584659
Only UNet,U-Net,UNet,32,2,False,True,0.2,1.0,16,19,79,24,11,0.4583333333333333,0.0053271018013356
Only UNet,U-Net,UNet,32,2,False,True,0.2,1.0,16,19,80,38,7,0.1842105263157894,0.0546891682820047
Only UNet,U-Net,UNet,32,2,False,True,0.2,1.0,16,19,81,25,8,0.32,0.0940313689223199
Only UNet,U-Net,UNet,32,2,False,True,0.2,1.0,16,19,82,29,12,0.4137931034482758,-0.0016295243527168
Only UNet,U-Net,UNet,32,2,False,True,0.2,1.0,16,19,83,34,27,0.7941176470588235,0.0164347359960582
Only UNet,U-Net,UNet,32,2,False,True,0.2,1.0,16,19,84,21,11,0.5238095238095238,0.0058111049826737
Only UNet,U-Net,UNet,32,2,False,True,0.2,1.0,16,19,85,22,11,0.5,0.0062694740397992
Only UNet,U-Net,UNet,32,2,False,True,0.2,1.0,16,19,86,41,26,0.6341463414634146,-0.0024273997962737
Only UNet,U-Net,UNet,32,2,False,True,0.2,1.0,16,19,87,28,14,0.5,-0.015676434326415
Only UNet,U-Net,UNet,32,2,False,True,0.2,1.0,16,19,88,35,15,0.4285714285714285,-0.013531935566897
Only UNet,U-Net,UNet,32,2,False,True,0.2,1.0,16,19,89,32,14,0.4375,-0.0396219707044765
Only UNet,U-Net,UNet,32,2,False,True,0.2,1.0,16,19,90,29,9,0.3103448275862069,-0.004415406123944
Only UNet,U-Net,UNet,32,2,False,True,0.2,1.0,16,19,91,19,17,0.8947368421052632,0.0567891230633361
Only UNet,U-Net,UNet,32,2,False,True,0.2,1.0,16,19,92,45,26,0.5777777777777777,-0.004521954915746
Only UNet,U-Net,UNet,32,2,False,True,0.2,1.0,16,19,93,25,12,0.48,0.0029111941160419
Only UNet,U-Net,UNet,32,2,False,True,0.2,1.0,16,19,94,32,10,0.3125,0.0766261840832839
Only UNet,U-Net,UNet,32,2,False,True,0.2,1.0,16,19,95,41,9,0.2195121951219512,0.0241997961173641
Only UNet,U-Net,UNet,32,2,False,True,0.2,1.0,16,19,96,16,13,0.8125,-0.0186331382133356
Only UNet,U-Net,UNet,32,2,False,True,0.2,1.0,16,19,97,26,12,0.4615384615384615,0.0100540840437315
Only UNet,U-Net,UNet,32,2,False,True,0.2,1.0,16,19,98,25,11,0.44,-3.443317527907269e-05
Only UNet,U-Net,UNet,32,2,False,True,0.2,1.0,16,19,99,61,8,0.1311475409836065,-0.0179927686983122
